name,s3_key,uuid,FileName,attribution
Borneo,eopds/f6e043fe-8269-4920-826f-a12bbf73003b/20170222_153624_18518.jpg,f6e043fe-8269-4920-826f-a12bbf73003b,20170222_153624_18518.jpg,"ECHO, Inc"
Burgundy,eopds/c4714c0e-fb2e-47e8-aefd-b8f630c5d1b6/20130711_142608_18733.jpg,c4714c0e-fb2e-47e8-aefd-b8f630c5d1b6,20130711_142608_18733.jpg,"ECHO, Inc"
Burmese,eopds/087da2be-70dd-4e6a-a92a-9e2116595f83/20150819_161712_30483.jpg,087da2be-70dd-4e6a-a92a-9e2116595f83,20150819_161712_30483.jpg,"ECHO, Inc"
Clemson Spineless 80,eopds/53f73b0f-83ab-4489-ba44-685e532d7e3a/20130711_134711_26304.jpg,53f73b0f-83ab-4489-ba44-685e532d7e3a,20130711_134711_26304.jpg,"ECHO, Inc"
Gumby,eopds/4e08341a-f74c-46ca-8e54-064ba2abc4c5/20170222_153013_22739.jpg,4e08341a-f74c-46ca-8e54-064ba2abc4c5,20170222_153013_22739.jpg,"ECHO, Inc"
Prelude,eopds/da6a73e0-9b38-47d9-9b74-541c83abbbdf/20130711_134917_27516.jpg,da6a73e0-9b38-47d9-9b74-541c83abbbdf,20130711_134917_27516.jpg,"ECHO, Inc"
Pusa Makmahli,eopds/e4aaa62b-3804-460f-ae3d-a804b83e09df/20170222_152624_12172.jpg,e4aaa62b-3804-460f-ae3d-a804b83e09df,20170222_152624_12172.jpg,"ECHO, Inc"
Pusa Makmahli,eopds/e4aaa62b-3804-460f-ae3d-a804b83e09df/Starr_080607-7274_Abelmoschus_esculentus.jpg,e4aaa62b-3804-460f-ae3d-a804b83e09df,Starr_080607-7274_Abelmoschus_esculentus.jpg,Forest &amp; Kim Starr [CC BY 3.0 (https://creativecommons.org/licenses/by/3.0)]
Pusa Makmahli,eopds/e4aaa62b-3804-460f-ae3d-a804b83e09df/Untitled.jpg_30350.jpg,e4aaa62b-3804-460f-ae3d-a804b83e09df,Untitled.jpg_30350.jpg,Food Plants International
Pusa Makmahli,eopds/e4aaa62b-3804-460f-ae3d-a804b83e09df/Untitled.jpg_30351.jpg,e4aaa62b-3804-460f-ae3d-a804b83e09df,Untitled.jpg_30351.jpg,Food Plants International
Pusa Makmahli,eopds/e4aaa62b-3804-460f-ae3d-a804b83e09df/YosriPokokBendi.jpg,e4aaa62b-3804-460f-ae3d-a804b83e09df,YosriPokokBendi.jpg,"ECHO, Inc"
Red Burgundy,eopds/36bc6396-2ede-4bff-9a0b-3ade98c65a83/20130821_132927_31477.jpg,36bc6396-2ede-4bff-9a0b-3ade98c65a83,20130821_132927_31477.jpg,"ECHO, Inc"
Red Creole,eopds/e0f5dfb9-bc22-4997-9893-64d9a314790e/20130821_133012_28747.jpg,e0f5dfb9-bc22-4997-9893-64d9a314790e,20130821_133012_28747.jpg,"ECHO, Inc"
White Sweet Spanish,eopds/2529213e-d82b-4daf-a488-31441876d19c/20130821_135234_24801.jpg,2529213e-d82b-4daf-a488-31441876d19c,20130821_135234_24801.jpg,"ECHO, Inc"
Evergreen Hardy White,eopds/5ef09fe3-7db2-42b1-b169-aeda8b66bf9d/20170222_141349_24729.jpg,5ef09fe3-7db2-42b1-b169-aeda8b66bf9d,20170222_141349_24729.jpg,"ECHO, Inc"
Evergreen Hardy White,eopds/5ef09fe3-7db2-42b1-b169-aeda8b66bf9d/20170224_153312_23106.jpg,5ef09fe3-7db2-42b1-b169-aeda8b66bf9d,20170224_153312_23106.jpg,"ECHO, Inc"
PI 538255,eopds/45a70e58-877a-4c07-9e61-b114c04e7146/PI 538255.JPG,45a70e58-877a-4c07-9e61-b114c04e7146,PI 538255.JPG,ECHO Asia Staff
PI 538255,eopds/45a70e58-877a-4c07-9e61-b114c04e7146/PICT0001.JPG,45a70e58-877a-4c07-9e61-b114c04e7146,PICT0001.JPG,ECHO Asia Staff
PI 538255,eopds/45a70e58-877a-4c07-9e61-b114c04e7146/PICT0002.JPG,45a70e58-877a-4c07-9e61-b114c04e7146,PICT0002.JPG,ECHO Asia Staff
PI 538255,eopds/45a70e58-877a-4c07-9e61-b114c04e7146/PICT0003.JPG,45a70e58-877a-4c07-9e61-b114c04e7146,PICT0003.JPG,ECHO Asia Staff
PI 538255,eopds/45a70e58-877a-4c07-9e61-b114c04e7146/PICT0004.JPG,45a70e58-877a-4c07-9e61-b114c04e7146,PICT0004.JPG,ECHO Asia Staff
PI 538255,eopds/45a70e58-877a-4c07-9e61-b114c04e7146/PICT0005.JPG,45a70e58-877a-4c07-9e61-b114c04e7146,PICT0005.JPG,ECHO Asia Staff
PI 538255,eopds/45a70e58-877a-4c07-9e61-b114c04e7146/SAM_0576.JPG,45a70e58-877a-4c07-9e61-b114c04e7146,SAM_0576.JPG,ECHO Asia Staff
PI 538320,eopds/92b70b9d-90ca-4dbf-aed8-ff686a178508/IMG_2994.jpg,92b70b9d-90ca-4dbf-aed8-ff686a178508,IMG_2994.jpg,ECHO Asia Staff
PI 538320,eopds/92b70b9d-90ca-4dbf-aed8-ff686a178508/IMG_2998.jpg,92b70b9d-90ca-4dbf-aed8-ff686a178508,IMG_2998.jpg,ECHO Asia Staff
PI 538320,eopds/92b70b9d-90ca-4dbf-aed8-ff686a178508/IMG_3000.jpg,92b70b9d-90ca-4dbf-aed8-ff686a178508,IMG_3000.jpg,ECHO Asia Staff
PI 538320,eopds/92b70b9d-90ca-4dbf-aed8-ff686a178508/IMG_3001.jpg,92b70b9d-90ca-4dbf-aed8-ff686a178508,IMG_3001.jpg,ECHO Asia Staff
PI 538320,eopds/92b70b9d-90ca-4dbf-aed8-ff686a178508/IMG_3004.jpg,92b70b9d-90ca-4dbf-aed8-ff686a178508,IMG_3004.jpg,ECHO Asia Staff
PI 538320,eopds/92b70b9d-90ca-4dbf-aed8-ff686a178508/IMG_3007.jpg,92b70b9d-90ca-4dbf-aed8-ff686a178508,IMG_3007.jpg,ECHO Asia Staff
PI 538320,eopds/92b70b9d-90ca-4dbf-aed8-ff686a178508/IMG_3008.jpg,92b70b9d-90ca-4dbf-aed8-ff686a178508,IMG_3008.jpg,ECHO Asia Staff
PI 538320,eopds/92b70b9d-90ca-4dbf-aed8-ff686a178508/IMG_3009.jpg,92b70b9d-90ca-4dbf-aed8-ff686a178508,IMG_3009.jpg,ECHO Asia Staff
PI 538320,eopds/92b70b9d-90ca-4dbf-aed8-ff686a178508/IMG_3011.jpg,92b70b9d-90ca-4dbf-aed8-ff686a178508,IMG_3011.jpg,ECHO Asia Staff
PI 538320,eopds/92b70b9d-90ca-4dbf-aed8-ff686a178508/IMG_3012.jpg,92b70b9d-90ca-4dbf-aed8-ff686a178508,IMG_3012.jpg,ECHO Asia Staff
PI 538320,eopds/92b70b9d-90ca-4dbf-aed8-ff686a178508/IMG_3013.jpg,92b70b9d-90ca-4dbf-aed8-ff686a178508,IMG_3013.jpg,ECHO Asia Staff
PI 538320,eopds/92b70b9d-90ca-4dbf-aed8-ff686a178508/IMG_3014.jpg,92b70b9d-90ca-4dbf-aed8-ff686a178508,IMG_3014.jpg,ECHO Asia Staff
PI 538320,eopds/92b70b9d-90ca-4dbf-aed8-ff686a178508/IMG_3218.jpg,92b70b9d-90ca-4dbf-aed8-ff686a178508,IMG_3218.jpg,ECHO Asia Staff
PI 538320,eopds/92b70b9d-90ca-4dbf-aed8-ff686a178508/IMG_3222.jpg,92b70b9d-90ca-4dbf-aed8-ff686a178508,IMG_3222.jpg,ECHO Asia Staff
PI 538320,eopds/92b70b9d-90ca-4dbf-aed8-ff686a178508/IMG_3225.jpg,92b70b9d-90ca-4dbf-aed8-ff686a178508,IMG_3225.jpg,ECHO Asia Staff
PI 538320,eopds/92b70b9d-90ca-4dbf-aed8-ff686a178508/IMG_3227.jpg,92b70b9d-90ca-4dbf-aed8-ff686a178508,IMG_3227.jpg,ECHO Asia Staff
PI 538320,eopds/92b70b9d-90ca-4dbf-aed8-ff686a178508/IMG_3273.jpg,92b70b9d-90ca-4dbf-aed8-ff686a178508,IMG_3273.jpg,ECHO Asia Staff
PI 538320,eopds/92b70b9d-90ca-4dbf-aed8-ff686a178508/IMG_3277.jpg,92b70b9d-90ca-4dbf-aed8-ff686a178508,IMG_3277.jpg,ECHO Asia Staff
PI 538320,eopds/92b70b9d-90ca-4dbf-aed8-ff686a178508/PI 538320.jpg,92b70b9d-90ca-4dbf-aed8-ff686a178508,PI 538320.jpg,ECHO Asia Staff
PI 538320,eopds/92b70b9d-90ca-4dbf-aed8-ff686a178508/PICT0006.JPG,92b70b9d-90ca-4dbf-aed8-ff686a178508,PICT0006.JPG,ECHO Asia Staff
PI 538320,eopds/92b70b9d-90ca-4dbf-aed8-ff686a178508/PICT0007.JPG,92b70b9d-90ca-4dbf-aed8-ff686a178508,PICT0007.JPG,ECHO Asia Staff
PI 538320,eopds/92b70b9d-90ca-4dbf-aed8-ff686a178508/SAM_0569.JPG,92b70b9d-90ca-4dbf-aed8-ff686a178508,SAM_0569.JPG,ECHO Asia Staff
PI 538320,eopds/92b70b9d-90ca-4dbf-aed8-ff686a178508/SAM_0570.JPG,92b70b9d-90ca-4dbf-aed8-ff686a178508,SAM_0570.JPG,ECHO Asia Staff
PI 538320,eopds/92b70b9d-90ca-4dbf-aed8-ff686a178508/SAM_0571.JPG,92b70b9d-90ca-4dbf-aed8-ff686a178508,SAM_0571.JPG,ECHO Asia Staff
PI 538320,eopds/92b70b9d-90ca-4dbf-aed8-ff686a178508/SAM_0572.JPG,92b70b9d-90ca-4dbf-aed8-ff686a178508,SAM_0572.JPG,ECHO Asia Staff
PI 538320,eopds/92b70b9d-90ca-4dbf-aed8-ff686a178508/SAM_0573.JPG,92b70b9d-90ca-4dbf-aed8-ff686a178508,SAM_0573.JPG,ECHO Asia Staff
PI538321,eopds/2a365301-7039-4bf8-b142-7aac9957a953/PICT0008.JPG,2a365301-7039-4bf8-b142-7aac9957a953,PICT0008.JPG,ECHO Asia Staff
PI538321,eopds/2a365301-7039-4bf8-b142-7aac9957a953/PICT0009.JPG,2a365301-7039-4bf8-b142-7aac9957a953,PICT0009.JPG,ECHO Asia Staff
PI538321,eopds/2a365301-7039-4bf8-b142-7aac9957a953/PICT0010.JPG,2a365301-7039-4bf8-b142-7aac9957a953,PICT0010.JPG,ECHO Asia Staff
PI 606767,eopds/bf39e814-2889-466b-9160-4ceaa63a2125/Amaranth 'PI606767' seeds.JPG,bf39e814-2889-466b-9160-4ceaa63a2125,Amaranth 'PI606767' seeds.JPG,ECHO Asia Staff
PI 606767,eopds/bf39e814-2889-466b-9160-4ceaa63a2125/IMG_3153.jpg,bf39e814-2889-466b-9160-4ceaa63a2125,IMG_3153.jpg,ECHO Asia Staff
PI 606767,eopds/bf39e814-2889-466b-9160-4ceaa63a2125/IMG_3156.jpg,bf39e814-2889-466b-9160-4ceaa63a2125,IMG_3156.jpg,ECHO Asia Staff
PI 606767,eopds/bf39e814-2889-466b-9160-4ceaa63a2125/IMG_3160.jpg,bf39e814-2889-466b-9160-4ceaa63a2125,IMG_3160.jpg,ECHO Asia Staff
PI 606767,eopds/bf39e814-2889-466b-9160-4ceaa63a2125/IMG_3163.jpg,bf39e814-2889-466b-9160-4ceaa63a2125,IMG_3163.jpg,ECHO Asia Staff
PI 606767,eopds/bf39e814-2889-466b-9160-4ceaa63a2125/IMG_3164.jpg,bf39e814-2889-466b-9160-4ceaa63a2125,IMG_3164.jpg,ECHO Asia Staff
PI 606767,eopds/bf39e814-2889-466b-9160-4ceaa63a2125/PI 606767.jpg,bf39e814-2889-466b-9160-4ceaa63a2125,PI 606767.jpg,ECHO Asia Staff
PI 606767,eopds/bf39e814-2889-466b-9160-4ceaa63a2125/PICT0011.JPG,bf39e814-2889-466b-9160-4ceaa63a2125,PICT0011.JPG,ECHO Asia Staff
PI 606767,eopds/bf39e814-2889-466b-9160-4ceaa63a2125/PICT0012.JPG,bf39e814-2889-466b-9160-4ceaa63a2125,PICT0012.JPG,ECHO Asia Staff
PI 606767,eopds/bf39e814-2889-466b-9160-4ceaa63a2125/PICT0113.JPG,bf39e814-2889-466b-9160-4ceaa63a2125,PICT0113.JPG,ECHO Asia Staff
PI 606767,eopds/bf39e814-2889-466b-9160-4ceaa63a2125/PICT0114.JPG,bf39e814-2889-466b-9160-4ceaa63a2125,PICT0114.JPG,ECHO Asia Staff
PI 606767,eopds/bf39e814-2889-466b-9160-4ceaa63a2125/PICT0115.JPG,bf39e814-2889-466b-9160-4ceaa63a2125,PICT0115.JPG,ECHO Asia Staff
PI 606767,eopds/bf39e814-2889-466b-9160-4ceaa63a2125/PICT0116.JPG,bf39e814-2889-466b-9160-4ceaa63a2125,PICT0116.JPG,ECHO Asia Staff
PI 606767,eopds/bf39e814-2889-466b-9160-4ceaa63a2125/PICT0117.JPG,bf39e814-2889-466b-9160-4ceaa63a2125,PICT0117.JPG,ECHO Asia Staff
PI 606767,eopds/bf39e814-2889-466b-9160-4ceaa63a2125/SAM_3274.JPG,bf39e814-2889-466b-9160-4ceaa63a2125,SAM_3274.JPG,ECHO Asia Staff
R104,eopds/1c10595d-8d71-4eb0-a507-04c5de154781/20130510_155843_17827.jpg,1c10595d-8d71-4eb0-a507-04c5de154781,20130510_155843_17827.jpg,"ECHO, Inc"
Burgundy,eopds/677aaae7-cbb7-4ad3-895f-c74d1338ed6f/20130814_175209_16526.jpg,677aaae7-cbb7-4ad3-895f-c74d1338ed6f,20130814_175209_16526.jpg,"ECHO, Inc"
Burgundy,eopds/677aaae7-cbb7-4ad3-895f-c74d1338ed6f/20170222_153845_23705.jpg,677aaae7-cbb7-4ad3-895f-c74d1338ed6f,20170222_153845_23705.jpg,"ECHO, Inc"
Manna,eopds/bc083f29-acf2-4c3f-8e01-7fe4d92bd29b/20130814_171440_30832.jpg,bc083f29-acf2-4c3f-8e01-7fe4d92bd29b,20130814_171440_30832.jpg,"ECHO, Inc"
R103,eopds/88229aeb-b0a5-4e95-b47d-7b7fb81696ed/20130814_171954_28244.jpg,88229aeb-b0a5-4e95-b47d-7b7fb81696ed,20130814_171954_28244.jpg,"ECHO, Inc"
RRP 1526B,eopds/e9fe8be6-3a2f-482a-be27-340df6320528/20150519_141104_21213.jpg,e9fe8be6-3a2f-482a-be27-340df6320528,20150519_141104_21213.jpg,"ECHO, Inc"
Greenleaf R108,eopds/06de83f1-03c0-47f5-b34f-5941faef68d8/20130814_171712_28510.jpg,06de83f1-03c0-47f5-b34f-5941faef68d8,20130814_171712_28510.jpg,"ECHO, Inc"
Merah,eopds/cd40e179-ae73-4456-8022-5ef3e243dcf1/20130814_174306_25504.jpg,cd40e179-ae73-4456-8022-5ef3e243dcf1,20130814_174306_25504.jpg,"ECHO, Inc"
Tigerleaf R135,eopds/b7152b24-6a2f-4e25-bd1a-765cc5f96007/20141111_100822_10557.jpg,b7152b24-6a2f-4e25-bd1a-765cc5f96007,20141111_100822_10557.jpg,"ECHO, Inc"
Tigerleaf R135,eopds/b7152b24-6a2f-4e25-bd1a-765cc5f96007/20141111_101001_21286.jpg,b7152b24-6a2f-4e25-bd1a-765cc5f96007,20141111_101001_21286.jpg,"ECHO, Inc"
Jamaican Callaloo,eopds/24f03284-b107-4607-b275-059d2829760a/20130926_145611_27910.jpg,24f03284-b107-4607-b275-059d2829760a,20130926_145611_27910.jpg,"ECHO, Inc"
Bouquet,eopds/ab138bed-28c4-4f8a-81ee-45d3f00a4f97/20111013_094641_16721.jpg,ab138bed-28c4-4f8a-81ee-45d3f00a4f97,20111013_094641_16721.jpg,"ECHO, Inc"
Burmese,eopds/c37db409-b0ce-41f3-8916-b31acff6d6cf/20150317_050534_22391.jpg,c37db409-b0ce-41f3-8916-b31acff6d6cf,20150317_050534_22391.jpg,"ECHO, Inc"
Red,eopds/221c4d66-08d1-4984-a089-7658b0f6ca8b/20131018_093055_18874.jpg,221c4d66-08d1-4984-a089-7658b0f6ca8b,20131018_093055_18874.jpg,"ECHO, Inc"
AVRDC,eopds/2d05bbe9-5021-4848-bb7a-c99503bcbd69/IMG_6768.JPG,2d05bbe9-5021-4848-bb7a-c99503bcbd69,IMG_6768.JPG,ECHO Asia Staff
AVRDC,eopds/2d05bbe9-5021-4848-bb7a-c99503bcbd69/IMG_6769.JPG,2d05bbe9-5021-4848-bb7a-c99503bcbd69,IMG_6769.JPG,ECHO Asia Staff
AVRDC,eopds/2d05bbe9-5021-4848-bb7a-c99503bcbd69/IMG_6770.JPG,2d05bbe9-5021-4848-bb7a-c99503bcbd69,IMG_6770.JPG,ECHO Asia Staff
AVRDC,eopds/2d05bbe9-5021-4848-bb7a-c99503bcbd69/IMG_6771.JPG,2d05bbe9-5021-4848-bb7a-c99503bcbd69,IMG_6771.JPG,ECHO Asia Staff
AVRDC,eopds/2d05bbe9-5021-4848-bb7a-c99503bcbd69/IMG_6772.JPG,2d05bbe9-5021-4848-bb7a-c99503bcbd69,IMG_6772.JPG,ECHO Asia Staff
AVRDC,eopds/2d05bbe9-5021-4848-bb7a-c99503bcbd69/IMG_6773.JPG,2d05bbe9-5021-4848-bb7a-c99503bcbd69,IMG_6773.JPG,ECHO Asia Staff
Bangladesh,eopds/498b80fd-2226-4c50-a242-85aa46982f8d/20130711_122505_27520.jpg,498b80fd-2226-4c50-a242-85aa46982f8d,20130711_122505_27520.jpg,"ECHO, Inc"
Bangladesh,eopds/498b80fd-2226-4c50-a242-85aa46982f8d/20170224_153752_15025.jpg,498b80fd-2226-4c50-a242-85aa46982f8d,20170224_153752_15025.jpg,"ECHO, Inc"
Bangladesh,eopds/498b80fd-2226-4c50-a242-85aa46982f8d/20170224_153752_31216.jpg,498b80fd-2226-4c50-a242-85aa46982f8d,20170224_153752_31216.jpg,"ECHO, Inc"
Green Vines,eopds/afd945c7-99e0-4010-a1d2-ee350dc8e99c/20130711_122801_28286.jpg,afd945c7-99e0-4010-a1d2-ee350dc8e99c,20130711_122801_28286.jpg,"ECHO, Inc"
Red,eopds/09069e7b-7f53-4891-8b47-b113b5809c59/20190502_152204_10817.jpg,09069e7b-7f53-4891-8b47-b113b5809c59,20190502_152204_10817.jpg,"ECHO, Inc"
Arunothai,eopds/aea68389-6be4-48ad-a1c4-5ae9a3055910/20171031_081901.jpg,aea68389-6be4-48ad-a1c4-5ae9a3055910,20171031_081901.jpg,"ECHO, Inc"
Arunothai,eopds/aea68389-6be4-48ad-a1c4-5ae9a3055910/20171031_081922.jpg,aea68389-6be4-48ad-a1c4-5ae9a3055910,20171031_081922.jpg,ECHO Asia Staff
Arunothai,eopds/aea68389-6be4-48ad-a1c4-5ae9a3055910/20171031_081930.jpg,aea68389-6be4-48ad-a1c4-5ae9a3055910,20171031_081930.jpg,ECHO Asia Staff
Arunothai,eopds/aea68389-6be4-48ad-a1c4-5ae9a3055910/IMG_7456.JPG,aea68389-6be4-48ad-a1c4-5ae9a3055910,IMG_7456.JPG,ECHO Asia Staff
Arunothai,eopds/aea68389-6be4-48ad-a1c4-5ae9a3055910/IMG_7457.JPG,aea68389-6be4-48ad-a1c4-5ae9a3055910,IMG_7457.JPG,ECHO Asia Staff
Arunothai,eopds/aea68389-6be4-48ad-a1c4-5ae9a3055910/IMG_7458.JPG,aea68389-6be4-48ad-a1c4-5ae9a3055910,IMG_7458.JPG,ECHO Asia Staff
Arunothai,eopds/aea68389-6be4-48ad-a1c4-5ae9a3055910/IMG_7459.JPG,aea68389-6be4-48ad-a1c4-5ae9a3055910,IMG_7459.JPG,ECHO Asia Staff
Arunothai,eopds/aea68389-6be4-48ad-a1c4-5ae9a3055910/IMG_7460.JPG,aea68389-6be4-48ad-a1c4-5ae9a3055910,IMG_7460.JPG,ECHO Asia Staff
Arunothai,eopds/aea68389-6be4-48ad-a1c4-5ae9a3055910/IMG_7461.JPG,aea68389-6be4-48ad-a1c4-5ae9a3055910,IMG_7461.JPG,ECHO Asia Staff
Arunothai,eopds/aea68389-6be4-48ad-a1c4-5ae9a3055910/IMG_7462.JPG,aea68389-6be4-48ad-a1c4-5ae9a3055910,IMG_7462.JPG,ECHO Asia Staff
Large Fruited,eopds/00c996b6-b727-401a-acd4-5908ef6cd73f/20160517_154722_26004.jpg,00c996b6-b727-401a-acd4-5908ef6cd73f,20160517_154722_26004.jpg,"ECHO, Inc"
Large Fruited,eopds/00c996b6-b727-401a-acd4-5908ef6cd73f/20160517_154916_28393.jpg,00c996b6-b727-401a-acd4-5908ef6cd73f,20160517_154916_28393.jpg,"ECHO, Inc"
Large Fruited,eopds/00c996b6-b727-401a-acd4-5908ef6cd73f/20160517_154951_12418.jpg,00c996b6-b727-401a-acd4-5908ef6cd73f,20160517_154951_12418.jpg,"ECHO, Inc"
Large Fruited,eopds/00c996b6-b727-401a-acd4-5908ef6cd73f/20160517_155018_18063.jpg,00c996b6-b727-401a-acd4-5908ef6cd73f,20160517_155018_18063.jpg,"ECHO, Inc"
Wax Gourd,eopds/e562fcc9-a628-418a-80c0-f6d89034d894/20111013_111611_29350.jpg,e562fcc9-a628-418a-80c0-f6d89034d894,20111013_111611_29350.jpg,"ECHO, Inc"
Florida Broadleaf,eopds/bff2b5af-b9f0-4c8d-ba2b-289a87a68517/20130821_165438_10320.jpg,bff2b5af-b9f0-4c8d-ba2b-289a87a68517,20130821_165438_10320.jpg,"ECHO, Inc"
Florida Broadleaf,eopds/bff2b5af-b9f0-4c8d-ba2b-289a87a68517/20170224_154101_26628.jpg,bff2b5af-b9f0-4c8d-ba2b-289a87a68517,20170224_154101_26628.jpg,"ECHO, Inc"
Mizuna,eopds/30c0fce0-45d9-4e92-ac00-61975c80c295/IMG_3059.JPG,30c0fce0-45d9-4e92-ac00-61975c80c295,IMG_3059.JPG,ECHO Asia Staff
Mizuna,eopds/30c0fce0-45d9-4e92-ac00-61975c80c295/IMG_6961.JPG,30c0fce0-45d9-4e92-ac00-61975c80c295,IMG_6961.JPG,ECHO Asia Staff
Mizuna,eopds/30c0fce0-45d9-4e92-ac00-61975c80c295/IMG_6974.JPG,30c0fce0-45d9-4e92-ac00-61975c80c295,IMG_6974.JPG,ECHO Asia Staff
Mizuna,eopds/30c0fce0-45d9-4e92-ac00-61975c80c295/IMG_6975.JPG,30c0fce0-45d9-4e92-ac00-61975c80c295,IMG_6975.JPG,ECHO Asia Staff
Khasi,eopds/68dd95df-7084-4320-aa85-40d46cdb0dd0/IMG_0168.JPG,68dd95df-7084-4320-aa85-40d46cdb0dd0,IMG_0168.JPG,ECHO Asia Staff
Khasi,eopds/68dd95df-7084-4320-aa85-40d46cdb0dd0/IMG_0169.JPG,68dd95df-7084-4320-aa85-40d46cdb0dd0,IMG_0169.JPG,ECHO Asia Staff
Khasi,eopds/68dd95df-7084-4320-aa85-40d46cdb0dd0/IMG_6870.JPG,68dd95df-7084-4320-aa85-40d46cdb0dd0,IMG_6870.JPG,ECHO Asia Staff
Khasi,eopds/68dd95df-7084-4320-aa85-40d46cdb0dd0/IMG_6871.JPG,68dd95df-7084-4320-aa85-40d46cdb0dd0,IMG_6871.JPG,ECHO Asia Staff
Khasi,eopds/68dd95df-7084-4320-aa85-40d46cdb0dd0/IMG_6872.JPG,68dd95df-7084-4320-aa85-40d46cdb0dd0,IMG_6872.JPG,ECHO Asia Staff
Khasi,eopds/68dd95df-7084-4320-aa85-40d46cdb0dd0/IMG_6944.JPG,68dd95df-7084-4320-aa85-40d46cdb0dd0,IMG_6944.JPG,ECHO Asia Staff
Khasi,eopds/68dd95df-7084-4320-aa85-40d46cdb0dd0/IMG_6945.JPG,68dd95df-7084-4320-aa85-40d46cdb0dd0,IMG_6945.JPG,ECHO Asia Staff
Khasi,eopds/68dd95df-7084-4320-aa85-40d46cdb0dd0/IMG_6946.JPG,68dd95df-7084-4320-aa85-40d46cdb0dd0,IMG_6946.JPG,ECHO Asia Staff
Khasi,eopds/68dd95df-7084-4320-aa85-40d46cdb0dd0/IMG_6948.JPG,68dd95df-7084-4320-aa85-40d46cdb0dd0,IMG_6948.JPG,ECHO Asia Staff
Khasi,eopds/68dd95df-7084-4320-aa85-40d46cdb0dd0/IMG_6949.JPG,68dd95df-7084-4320-aa85-40d46cdb0dd0,IMG_6949.JPG,ECHO Asia Staff
Khasi,eopds/68dd95df-7084-4320-aa85-40d46cdb0dd0/IMG_6951.JPG,68dd95df-7084-4320-aa85-40d46cdb0dd0,IMG_6951.JPG,ECHO Asia Staff
Khasi,eopds/68dd95df-7084-4320-aa85-40d46cdb0dd0/IMG_6952.JPG,68dd95df-7084-4320-aa85-40d46cdb0dd0,IMG_6952.JPG,ECHO Asia Staff
Khasi,eopds/68dd95df-7084-4320-aa85-40d46cdb0dd0/IMG_6953.JPG,68dd95df-7084-4320-aa85-40d46cdb0dd0,IMG_6953.JPG,ECHO Asia Staff
Khasi,eopds/68dd95df-7084-4320-aa85-40d46cdb0dd0/IMG_6954.JPG,68dd95df-7084-4320-aa85-40d46cdb0dd0,IMG_6954.JPG,ECHO Asia Staff
Khasi,eopds/68dd95df-7084-4320-aa85-40d46cdb0dd0/IMG_6955.JPG,68dd95df-7084-4320-aa85-40d46cdb0dd0,IMG_6955.JPG,ECHO Asia Staff
Khasi,eopds/68dd95df-7084-4320-aa85-40d46cdb0dd0/IMG_6956.JPG,68dd95df-7084-4320-aa85-40d46cdb0dd0,IMG_6956.JPG,ECHO Asia Staff
Khasi,eopds/68dd95df-7084-4320-aa85-40d46cdb0dd0/IMG_6957.JPG,68dd95df-7084-4320-aa85-40d46cdb0dd0,IMG_6957.JPG,ECHO Asia Staff
Suehlihung No. 2,eopds/f58bb60d-5c3b-47fb-b0c6-89d4291653a9/20130821_165708_17758.jpg,f58bb60d-5c3b-47fb-b0c6-89d4291653a9,20130821_165708_17758.jpg,"ECHO, Inc"
Mae Tha,eopds/da086d4e-3144-4de4-a43f-c06e142cfe2b/20170708_092651_16357.jpg,da086d4e-3144-4de4-a43f-c06e142cfe2b,20170708_092651_16357.jpg,"ECHO, Inc"
Danish Ballhead,eopds/8bccbdb9-6652-439a-886b-bd728091fb2c/20130821_170959_27899.jpg,8bccbdb9-6652-439a-886b-bd728091fb2c,20130821_170959_27899.jpg,"ECHO, Inc"
White Vienna,eopds/4b772bc7-e2ee-4cd3-b65c-b61eea193cfc/20170224_152141_28105.jpg,4b772bc7-e2ee-4cd3-b65c-b61eea193cfc,20170224_152141_28105.jpg,"ECHO, Inc"
Champion,eopds/dcab07ee-fb35-4b86-8f76-88b30834f954/20170224_152918_10585.jpg,dcab07ee-fb35-4b86-8f76-88b30834f954,20170224_152918_10585.jpg,"ECHO, Inc"
Champion,eopds/dcab07ee-fb35-4b86-8f76-88b30834f954/20170224_152919_16426.jpg,dcab07ee-fb35-4b86-8f76-88b30834f954,20170224_152919_16426.jpg,"ECHO, Inc"
Georgia Southern,eopds/7c5399ae-4f7d-47ad-8c6c-69ae696a2d3b/20130821_171317_25606.jpg,7c5399ae-4f7d-47ad-8c6c-69ae696a2d3b,20130821_171317_25606.jpg,"ECHO, Inc"
Georgia Southern,eopds/7c5399ae-4f7d-47ad-8c6c-69ae696a2d3b/20170224_152330_10429.jpg,7c5399ae-4f7d-47ad-8c6c-69ae696a2d3b,20170224_152330_10429.jpg,"ECHO, Inc"
Georgia Southern,eopds/7c5399ae-4f7d-47ad-8c6c-69ae696a2d3b/20170224_152441_30545.jpg,7c5399ae-4f7d-47ad-8c6c-69ae696a2d3b,20170224_152441_30545.jpg,"ECHO, Inc"
Morris Heading,eopds/61bbf9cb-19b1-41e5-96f2-8a9e16832a9b/20170224_153053_26164.jpg,61bbf9cb-19b1-41e5-96f2-8a9e16832a9b,20170224_153053_26164.jpg,"ECHO, Inc"
Vates,eopds/64f6f457-cd11-4826-9667-1056d5db7e92/20130821_172741_22645.jpg,64f6f457-cd11-4826-9667-1056d5db7e92,20130821_172741_22645.jpg,"ECHO, Inc"
Vates,eopds/64f6f457-cd11-4826-9667-1056d5db7e92/20130821_172852_22849.jpg,64f6f457-cd11-4826-9667-1056d5db7e92,20130821_172852_22849.jpg,"ECHO, Inc"
Extra Dwarf Pak Choi,eopds/53fdaa46-5391-4ac0-b183-b7131196759f/IMG_0563.JPG,53fdaa46-5391-4ac0-b183-b7131196759f,IMG_0563.JPG,ECHO Asia Staff
Extra Dwarf Pak Choi,eopds/53fdaa46-5391-4ac0-b183-b7131196759f/IMG_0565.JPG,53fdaa46-5391-4ac0-b183-b7131196759f,IMG_0565.JPG,ECHO Asia Staff
Extra Dwarf Pak Choi,eopds/53fdaa46-5391-4ac0-b183-b7131196759f/IMG_0566.JPG,53fdaa46-5391-4ac0-b183-b7131196759f,IMG_0566.JPG,ECHO Asia Staff
Extra Dwarf Pak Choi,eopds/53fdaa46-5391-4ac0-b183-b7131196759f/IMG_0568.JPG,53fdaa46-5391-4ac0-b183-b7131196759f,IMG_0568.JPG,ECHO Asia Staff
Extra Dwarf Pak Choi,eopds/53fdaa46-5391-4ac0-b183-b7131196759f/IMG_0570.JPG,53fdaa46-5391-4ac0-b183-b7131196759f,IMG_0570.JPG,ECHO Asia Staff
Extra Dwarf Pak Choi,eopds/53fdaa46-5391-4ac0-b183-b7131196759f/IMG_0571.JPG,53fdaa46-5391-4ac0-b183-b7131196759f,IMG_0571.JPG,ECHO Asia Staff
Extra Dwarf Pak Choi,eopds/53fdaa46-5391-4ac0-b183-b7131196759f/IMG_0572.JPG,53fdaa46-5391-4ac0-b183-b7131196759f,IMG_0572.JPG,ECHO Asia Staff
Extra Dwarf Pak Choi,eopds/53fdaa46-5391-4ac0-b183-b7131196759f/IMG_0574.JPG,53fdaa46-5391-4ac0-b183-b7131196759f,IMG_0574.JPG,ECHO Asia Staff
Extra Dwarf Pak Choi,eopds/53fdaa46-5391-4ac0-b183-b7131196759f/IMG_0577.JPG,53fdaa46-5391-4ac0-b183-b7131196759f,IMG_0577.JPG,ECHO Asia Staff
Extra Dwarf Pak Choi,eopds/53fdaa46-5391-4ac0-b183-b7131196759f/IMG_0578.JPG,53fdaa46-5391-4ac0-b183-b7131196759f,IMG_0578.JPG,ECHO Asia Staff
Extra Dwarf Pak Choi,eopds/53fdaa46-5391-4ac0-b183-b7131196759f/IMG_0581.JPG,53fdaa46-5391-4ac0-b183-b7131196759f,IMG_0581.JPG,ECHO Asia Staff
Extra Dwarf Pak Choi,eopds/53fdaa46-5391-4ac0-b183-b7131196759f/IMG_6088.JPG,53fdaa46-5391-4ac0-b183-b7131196759f,IMG_6088.JPG,ECHO Asia Staff
Extra Dwarf Pak Choi,eopds/53fdaa46-5391-4ac0-b183-b7131196759f/IMG_6089.JPG,53fdaa46-5391-4ac0-b183-b7131196759f,IMG_6089.JPG,ECHO Asia Staff
Extra Dwarf Pak Choi,eopds/53fdaa46-5391-4ac0-b183-b7131196759f/IMG_6090.JPG,53fdaa46-5391-4ac0-b183-b7131196759f,IMG_6090.JPG,ECHO Asia Staff
Extra Dwarf Pak Choi,eopds/53fdaa46-5391-4ac0-b183-b7131196759f/IMG_6091.JPG,53fdaa46-5391-4ac0-b183-b7131196759f,IMG_6091.JPG,ECHO Asia Staff
Extra Dwarf Pak Choi,eopds/53fdaa46-5391-4ac0-b183-b7131196759f/IMG_6092.JPG,53fdaa46-5391-4ac0-b183-b7131196759f,IMG_6092.JPG,ECHO Asia Staff
Extra Dwarf Pak Choi,eopds/53fdaa46-5391-4ac0-b183-b7131196759f/IMG_6093.JPG,53fdaa46-5391-4ac0-b183-b7131196759f,IMG_6093.JPG,ECHO Asia Staff
Extra Dwarf Pak Choi,eopds/53fdaa46-5391-4ac0-b183-b7131196759f/IMG_6094.JPG,53fdaa46-5391-4ac0-b183-b7131196759f,IMG_6094.JPG,ECHO Asia Staff
Extra Dwarf Pak Choi,eopds/53fdaa46-5391-4ac0-b183-b7131196759f/IMG_6095.JPG,53fdaa46-5391-4ac0-b183-b7131196759f,IMG_6095.JPG,ECHO Asia Staff
Extra Dwarf Pak Choi,eopds/53fdaa46-5391-4ac0-b183-b7131196759f/IMG_6096.JPG,53fdaa46-5391-4ac0-b183-b7131196759f,IMG_6096.JPG,ECHO Asia Staff
Extra Dwarf Pak Choi,eopds/53fdaa46-5391-4ac0-b183-b7131196759f/IMG_6098.JPG,53fdaa46-5391-4ac0-b183-b7131196759f,IMG_6098.JPG,ECHO Asia Staff
Extra Dwarf Pak Choi,eopds/53fdaa46-5391-4ac0-b183-b7131196759f/IMG_6099.JPG,53fdaa46-5391-4ac0-b183-b7131196759f,IMG_6099.JPG,ECHO Asia Staff
Extra Dwarf Pak Choi,eopds/53fdaa46-5391-4ac0-b183-b7131196759f/IMG_6100.JPG,53fdaa46-5391-4ac0-b183-b7131196759f,IMG_6100.JPG,ECHO Asia Staff
Extra Dwarf Pak Choi,eopds/53fdaa46-5391-4ac0-b183-b7131196759f/IMG_6405.JPG,53fdaa46-5391-4ac0-b183-b7131196759f,IMG_6405.JPG,ECHO Asia Staff
Extra Dwarf Pak Choi,eopds/53fdaa46-5391-4ac0-b183-b7131196759f/20170708_091421_31628.jpg,53fdaa46-5391-4ac0-b183-b7131196759f,20170708_091421_31628.jpg,"ECHO, Inc"
Agroforestry Select,eopds/2e16c058-b362-4577-8037-512be5c7924c/20130529_123609_15263.jpg,2e16c058-b362-4577-8037-512be5c7924c,20130529_123609_15263.jpg,"ECHO, Inc"
Black,eopds/e9d0079a-7a88-4cd7-aa8f-c587a7aa0007/20130821_174040_11123.jpg,e9d0079a-7a88-4cd7-aa8f-c587a7aa0007,20130821_174040_11123.jpg,"ECHO, Inc"
Black,eopds/e9d0079a-7a88-4cd7-aa8f-c587a7aa0007/20170224_145906_13607.jpg,e9d0079a-7a88-4cd7-aa8f-c587a7aa0007,20170224_145906_13607.jpg,"ECHO, Inc"
Black,eopds/e9d0079a-7a88-4cd7-aa8f-c587a7aa0007/20170224_145909_23418.jpg,e9d0079a-7a88-4cd7-aa8f-c587a7aa0007,20170224_145909_23418.jpg,"ECHO, Inc"
Black,eopds/e9d0079a-7a88-4cd7-aa8f-c587a7aa0007/20170224_145911_30501.jpg,e9d0079a-7a88-4cd7-aa8f-c587a7aa0007,20170224_145911_30501.jpg,"ECHO, Inc"
Black,eopds/e9d0079a-7a88-4cd7-aa8f-c587a7aa0007/20170224_151415_17326.jpg,e9d0079a-7a88-4cd7-aa8f-c587a7aa0007,20170224_151415_17326.jpg,"ECHO, Inc"
Caqui,eopds/f4eac4a3-9612-47cf-a9ea-2578e9bd644b/20160224_105529_27041.jpg,f4eac4a3-9612-47cf-a9ea-2578e9bd644b,20160224_105529_27041.jpg,"ECHO, Inc"
ICPL 8151,eopds/0549c701-7308-46e5-b807-4459bea8d74d/20170224_164727_11203.jpg,0549c701-7308-46e5-b807-4459bea8d74d,20170224_164727_11203.jpg,"ECHO, Inc"
ICPL 8151,eopds/0549c701-7308-46e5-b807-4459bea8d74d/20170224_164900_20719.jpg,0549c701-7308-46e5-b807-4459bea8d74d,20170224_164900_20719.jpg,"ECHO, Inc"
ICPL 8151,eopds/0549c701-7308-46e5-b807-4459bea8d74d/20170224_164901_19384.jpg,0549c701-7308-46e5-b807-4459bea8d74d,20170224_164901_19384.jpg,"ECHO, Inc"
ICPL 88034 -- Early Maturing,eopds/2c85197d-b0e0-46cf-96b3-fc7001deb402/20190222_101619_19629.jpg,2c85197d-b0e0-46cf-96b3-fc7001deb402,20190222_101619_19629.jpg,"ECHO, Inc"
ICPL 88034 -- Early Maturing,eopds/2c85197d-b0e0-46cf-96b3-fc7001deb402/20190222_101620_16532.jpg,2c85197d-b0e0-46cf-96b3-fc7001deb402,20190222_101620_16532.jpg,"ECHO, Inc"
ICPL 88034 -- Early Maturing,eopds/2c85197d-b0e0-46cf-96b3-fc7001deb402/20190222_101620_29587.jpg,2c85197d-b0e0-46cf-96b3-fc7001deb402,20190222_101620_29587.jpg,"ECHO, Inc"
Mix,eopds/fc287373-66b7-4ecc-8bf9-420c791ae411/20170303_151430_28234.jpg,fc287373-66b7-4ecc-8bf9-420c791ae411,20170303_151430_28234.jpg,"ECHO, Inc"
Mae Jo,eopds/2ef8036e-c87d-4e5f-babb-5c59e06c4714/20120821_051019_24774.jpg,2ef8036e-c87d-4e5f-babb-5c59e06c4714,20120821_051019_24774.jpg,"ECHO, Inc"
Asia Cayenne,eopds/73a49483-c48c-4db5-9b99-49d8e7a70d46/20191106_130144_10639.jpg,73a49483-c48c-4db5-9b99-49d8e7a70d46,20191106_130144_10639.jpg,"ECHO, Inc"
Asia Cayenne,eopds/73a49483-c48c-4db5-9b99-49d8e7a70d46/20191106_130145_10636.jpg,73a49483-c48c-4db5-9b99-49d8e7a70d46,20191106_130145_10636.jpg,"ECHO, Inc"
Caribbean Red,eopds/0f5e0870-bd62-4e1e-9db8-8a0d5053551b/20130822_112005_29441.jpg,0f5e0870-bd62-4e1e-9db8-8a0d5053551b,20130822_112005_29441.jpg,"ECHO, Inc"
Ensalada,eopds/dd1b53ab-4688-4219-b12e-74b1d42bfbe9/20130926_163515_22537.jpg,dd1b53ab-4688-4219-b12e-74b1d42bfbe9,20130926_163515_22537.jpg,"ECHO, Inc"
Ensalada,eopds/dd1b53ab-4688-4219-b12e-74b1d42bfbe9/20160706_174921_27894.jpg,dd1b53ab-4688-4219-b12e-74b1d42bfbe9,20160706_174921_27894.jpg,"ECHO, Inc"
Ensalada,eopds/dd1b53ab-4688-4219-b12e-74b1d42bfbe9/20160706_175004_31142.jpg,dd1b53ab-4688-4219-b12e-74b1d42bfbe9,20160706_175004_31142.jpg,"ECHO, Inc"
Habanero Hot,eopds/540f36a6-c028-45af-8fdd-106e80479ad1/20130822_112122_15848.jpg,540f36a6-c028-45af-8fdd-106e80479ad1,20130822_112122_15848.jpg,"ECHO, Inc"
Mae Ai,eopds/8196ba52-5bdf-4ae5-88be-04e35bd57f1c/20150317_052451_24532.jpg,8196ba52-5bdf-4ae5-88be-04e35bd57f1c,20150317_052451_24532.jpg,"ECHO, Inc"
Esaan,eopds/5bdf1cb7-2665-45d2-bc5e-54def2252744/IMG_5824.JPG,5bdf1cb7-2665-45d2-bc5e-54def2252744,IMG_5824.JPG,ECHO Asia Staff
Esaan,eopds/5bdf1cb7-2665-45d2-bc5e-54def2252744/IMG_5826.JPG,5bdf1cb7-2665-45d2-bc5e-54def2252744,IMG_5826.JPG,ECHO Asia Staff
Esaan,eopds/5bdf1cb7-2665-45d2-bc5e-54def2252744/IMG_5827.JPG,5bdf1cb7-2665-45d2-bc5e-54def2252744,IMG_5827.JPG,ECHO Asia Staff
Esaan,eopds/5bdf1cb7-2665-45d2-bc5e-54def2252744/IMG_6608.JPG,5bdf1cb7-2665-45d2-bc5e-54def2252744,IMG_6608.JPG,ECHO Asia Staff
Esaan,eopds/5bdf1cb7-2665-45d2-bc5e-54def2252744/IMG_6609.JPG,5bdf1cb7-2665-45d2-bc5e-54def2252744,IMG_6609.JPG,ECHO Asia Staff
Esaan,eopds/5bdf1cb7-2665-45d2-bc5e-54def2252744/IMG_6610.JPG,5bdf1cb7-2665-45d2-bc5e-54def2252744,IMG_6610.JPG,ECHO Asia Staff
Esaan,eopds/5bdf1cb7-2665-45d2-bc5e-54def2252744/IMG_6611.JPG,5bdf1cb7-2665-45d2-bc5e-54def2252744,IMG_6611.JPG,ECHO Asia Staff
Esaan,eopds/5bdf1cb7-2665-45d2-bc5e-54def2252744/IMG_6612.JPG,5bdf1cb7-2665-45d2-bc5e-54def2252744,IMG_6612.JPG,ECHO Asia Staff
Esaan,eopds/5bdf1cb7-2665-45d2-bc5e-54def2252744/P1040057.JPG,5bdf1cb7-2665-45d2-bc5e-54def2252744,P1040057.JPG,ECHO Asia Staff
Esaan,eopds/5bdf1cb7-2665-45d2-bc5e-54def2252744/P1040058.JPG,5bdf1cb7-2665-45d2-bc5e-54def2252744,P1040058.JPG,ECHO Asia Staff
Ghost Pepper,eopds/5e79812a-2d99-45b8-8e4c-ad69e18ed12c/IMG_7125.JPG,5e79812a-2d99-45b8-8e4c-ad69e18ed12c,IMG_7125.JPG,ECHO Asia Staff
Ghost Pepper,eopds/5e79812a-2d99-45b8-8e4c-ad69e18ed12c/IMG_7126.JPG,5e79812a-2d99-45b8-8e4c-ad69e18ed12c,IMG_7126.JPG,ECHO Asia Staff
Ghost Pepper,eopds/5e79812a-2d99-45b8-8e4c-ad69e18ed12c/IMG_7559.JPG,5e79812a-2d99-45b8-8e4c-ad69e18ed12c,IMG_7559.JPG,ECHO Asia Staff
Ghost Pepper,eopds/5e79812a-2d99-45b8-8e4c-ad69e18ed12c/IMG_7562.JPG,5e79812a-2d99-45b8-8e4c-ad69e18ed12c,IMG_7562.JPG,ECHO Asia Staff
Ghost Pepper,eopds/5e79812a-2d99-45b8-8e4c-ad69e18ed12c/IMG_7563.JPG,5e79812a-2d99-45b8-8e4c-ad69e18ed12c,IMG_7563.JPG,ECHO Asia Staff
Ghost Pepper,eopds/5e79812a-2d99-45b8-8e4c-ad69e18ed12c/IMG_7564.JPG,5e79812a-2d99-45b8-8e4c-ad69e18ed12c,IMG_7564.JPG,ECHO Asia Staff
Ghost Pepper,eopds/5e79812a-2d99-45b8-8e4c-ad69e18ed12c/IMG_7566.JPG,5e79812a-2d99-45b8-8e4c-ad69e18ed12c,IMG_7566.JPG,ECHO Asia Staff
Ghost Pepper,eopds/5e79812a-2d99-45b8-8e4c-ad69e18ed12c/IMG_7669.JPG,5e79812a-2d99-45b8-8e4c-ad69e18ed12c,IMG_7669.JPG,ECHO Asia Staff
Ghost Pepper,eopds/5e79812a-2d99-45b8-8e4c-ad69e18ed12c/IMG_7670.JPG,5e79812a-2d99-45b8-8e4c-ad69e18ed12c,IMG_7670.JPG,ECHO Asia Staff
Ghost Pepper,eopds/5e79812a-2d99-45b8-8e4c-ad69e18ed12c/IMG_7671.JPG,5e79812a-2d99-45b8-8e4c-ad69e18ed12c,IMG_7671.JPG,ECHO Asia Staff
Ghost Pepper,eopds/5e79812a-2d99-45b8-8e4c-ad69e18ed12c/IMG_7672.JPG,5e79812a-2d99-45b8-8e4c-ad69e18ed12c,IMG_7672.JPG,ECHO Asia Staff
Ghost Pepper,eopds/5e79812a-2d99-45b8-8e4c-ad69e18ed12c/IMG_7674.JPG,5e79812a-2d99-45b8-8e4c-ad69e18ed12c,IMG_7674.JPG,ECHO Asia Staff
Ghost Pepper,eopds/5e79812a-2d99-45b8-8e4c-ad69e18ed12c/IMG_7675.JPG,5e79812a-2d99-45b8-8e4c-ad69e18ed12c,IMG_7675.JPG,ECHO Asia Staff
Ghost Pepper,eopds/5e79812a-2d99-45b8-8e4c-ad69e18ed12c/IMG_7676.JPG,5e79812a-2d99-45b8-8e4c-ad69e18ed12c,IMG_7676.JPG,ECHO Asia Staff
Ghost Pepper,eopds/5e79812a-2d99-45b8-8e4c-ad69e18ed12c/IMG_7677.JPG,5e79812a-2d99-45b8-8e4c-ad69e18ed12c,IMG_7677.JPG,ECHO Asia Staff
Ghost Pepper,eopds/5e79812a-2d99-45b8-8e4c-ad69e18ed12c/IMG_7680.JPG,5e79812a-2d99-45b8-8e4c-ad69e18ed12c,IMG_7680.JPG,ECHO Asia Staff
Ghost Pepper,eopds/5e79812a-2d99-45b8-8e4c-ad69e18ed12c/IMG_7681.JPG,5e79812a-2d99-45b8-8e4c-ad69e18ed12c,IMG_7681.JPG,ECHO Asia Staff
Ghost Pepper,eopds/5e79812a-2d99-45b8-8e4c-ad69e18ed12c/IMG_7682.JPG,5e79812a-2d99-45b8-8e4c-ad69e18ed12c,IMG_7682.JPG,ECHO Asia Staff
Ghost Pepper,eopds/5e79812a-2d99-45b8-8e4c-ad69e18ed12c/IMG_7683.JPG,5e79812a-2d99-45b8-8e4c-ad69e18ed12c,IMG_7683.JPG,ECHO Asia Staff
Ghost Pepper,eopds/5e79812a-2d99-45b8-8e4c-ad69e18ed12c/IMG_7684.JPG,5e79812a-2d99-45b8-8e4c-ad69e18ed12c,IMG_7684.JPG,ECHO Asia Staff
Ghost Pepper,eopds/5e79812a-2d99-45b8-8e4c-ad69e18ed12c/IMG_7685.JPG,5e79812a-2d99-45b8-8e4c-ad69e18ed12c,IMG_7685.JPG,ECHO Asia Staff
Ghost Pepper,eopds/5e79812a-2d99-45b8-8e4c-ad69e18ed12c/P1000688.JPG,5e79812a-2d99-45b8-8e4c-ad69e18ed12c,P1000688.JPG,ECHO Asia Staff
Ghost Pepper,eopds/5e79812a-2d99-45b8-8e4c-ad69e18ed12c/P1000689.JPG,5e79812a-2d99-45b8-8e4c-ad69e18ed12c,P1000689.JPG,ECHO Asia Staff
Ghost Pepper,eopds/5e79812a-2d99-45b8-8e4c-ad69e18ed12c/P1000690.JPG,5e79812a-2d99-45b8-8e4c-ad69e18ed12c,P1000690.JPG,ECHO Asia Staff
Ghost Pepper,eopds/5e79812a-2d99-45b8-8e4c-ad69e18ed12c/P1000691.JPG,5e79812a-2d99-45b8-8e4c-ad69e18ed12c,P1000691.JPG,ECHO Asia Staff
Ghost Pepper,eopds/5e79812a-2d99-45b8-8e4c-ad69e18ed12c/P1000692.JPG,5e79812a-2d99-45b8-8e4c-ad69e18ed12c,P1000692.JPG,ECHO Asia Staff
Ghost Pepper,eopds/5e79812a-2d99-45b8-8e4c-ad69e18ed12c/P1000693.JPG,5e79812a-2d99-45b8-8e4c-ad69e18ed12c,P1000693.JPG,ECHO Asia Staff
Ghost Pepper,eopds/5e79812a-2d99-45b8-8e4c-ad69e18ed12c/P1000694.JPG,5e79812a-2d99-45b8-8e4c-ad69e18ed12c,P1000694.JPG,ECHO Asia Staff
Ghost Pepper,eopds/5e79812a-2d99-45b8-8e4c-ad69e18ed12c/P1000695.JPG,5e79812a-2d99-45b8-8e4c-ad69e18ed12c,P1000695.JPG,ECHO Asia Staff
Ghost Pepper,eopds/5e79812a-2d99-45b8-8e4c-ad69e18ed12c/P1000870.JPG,5e79812a-2d99-45b8-8e4c-ad69e18ed12c,P1000870.JPG,ECHO Asia Staff
Ghost Pepper,eopds/5e79812a-2d99-45b8-8e4c-ad69e18ed12c/P1000874.JPG,5e79812a-2d99-45b8-8e4c-ad69e18ed12c,P1000874.JPG,ECHO Asia Staff
Ghost Pepper,eopds/5e79812a-2d99-45b8-8e4c-ad69e18ed12c/P1000875.JPG,5e79812a-2d99-45b8-8e4c-ad69e18ed12c,P1000875.JPG,ECHO Asia Staff
Ghost Pepper,eopds/5e79812a-2d99-45b8-8e4c-ad69e18ed12c/P1000876.JPG,5e79812a-2d99-45b8-8e4c-ad69e18ed12c,P1000876.JPG,ECHO Asia Staff
Ghost Pepper,eopds/5e79812a-2d99-45b8-8e4c-ad69e18ed12c/P1000877.JPG,5e79812a-2d99-45b8-8e4c-ad69e18ed12c,P1000877.JPG,ECHO Asia Staff
Ghost Pepper,eopds/5e79812a-2d99-45b8-8e4c-ad69e18ed12c/P1000878.JPG,5e79812a-2d99-45b8-8e4c-ad69e18ed12c,P1000878.JPG,ECHO Asia Staff
Ghost Pepper,eopds/5e79812a-2d99-45b8-8e4c-ad69e18ed12c/P1000879.JPG,5e79812a-2d99-45b8-8e4c-ad69e18ed12c,P1000879.JPG,ECHO Asia Staff
Ghost Pepper,eopds/5e79812a-2d99-45b8-8e4c-ad69e18ed12c/P1000881.JPG,5e79812a-2d99-45b8-8e4c-ad69e18ed12c,P1000881.JPG,ECHO Asia Staff
Ghost Pepper,eopds/5e79812a-2d99-45b8-8e4c-ad69e18ed12c/P1000882.JPG,5e79812a-2d99-45b8-8e4c-ad69e18ed12c,P1000882.JPG,ECHO Asia Staff
Ghost Pepper,eopds/5e79812a-2d99-45b8-8e4c-ad69e18ed12c/P1000883.JPG,5e79812a-2d99-45b8-8e4c-ad69e18ed12c,P1000883.JPG,ECHO Asia Staff
Ghost Pepper,eopds/5e79812a-2d99-45b8-8e4c-ad69e18ed12c/P1000884.JPG,5e79812a-2d99-45b8-8e4c-ad69e18ed12c,P1000884.JPG,ECHO Asia Staff
Ghost Pepper,eopds/5e79812a-2d99-45b8-8e4c-ad69e18ed12c/P1000886.JPG,5e79812a-2d99-45b8-8e4c-ad69e18ed12c,P1000886.JPG,ECHO Asia Staff
Ghost Pepper,eopds/5e79812a-2d99-45b8-8e4c-ad69e18ed12c/P1000887.JPG,5e79812a-2d99-45b8-8e4c-ad69e18ed12c,P1000887.JPG,ECHO Asia Staff
Ghost Pepper,eopds/5e79812a-2d99-45b8-8e4c-ad69e18ed12c/P1000888.JPG,5e79812a-2d99-45b8-8e4c-ad69e18ed12c,P1000888.JPG,ECHO Asia Staff
Ghost Pepper,eopds/5e79812a-2d99-45b8-8e4c-ad69e18ed12c/P1000889.JPG,5e79812a-2d99-45b8-8e4c-ad69e18ed12c,P1000889.JPG,ECHO Asia Staff
Ghost Pepper,eopds/5e79812a-2d99-45b8-8e4c-ad69e18ed12c/P1000890.JPG,5e79812a-2d99-45b8-8e4c-ad69e18ed12c,P1000890.JPG,ECHO Asia Staff
Ghost Pepper,eopds/5e79812a-2d99-45b8-8e4c-ad69e18ed12c/P1000891.JPG,5e79812a-2d99-45b8-8e4c-ad69e18ed12c,P1000891.JPG,ECHO Asia Staff
Ghost Pepper,eopds/5e79812a-2d99-45b8-8e4c-ad69e18ed12c/P1000892.JPG,5e79812a-2d99-45b8-8e4c-ad69e18ed12c,P1000892.JPG,ECHO Asia Staff
Hawaiian,eopds/e91b24f9-f4ef-4e84-8d13-79a2b183cd89/IMG_0340.JPG,e91b24f9-f4ef-4e84-8d13-79a2b183cd89,IMG_0340.JPG,ECHO Asia Staff
Hawaiian,eopds/e91b24f9-f4ef-4e84-8d13-79a2b183cd89/IMG_0341.JPG,e91b24f9-f4ef-4e84-8d13-79a2b183cd89,IMG_0341.JPG,ECHO Asia Staff
Hawaiian,eopds/e91b24f9-f4ef-4e84-8d13-79a2b183cd89/IMG_0342.JPG,e91b24f9-f4ef-4e84-8d13-79a2b183cd89,IMG_0342.JPG,ECHO Asia Staff
Hawaiian,eopds/e91b24f9-f4ef-4e84-8d13-79a2b183cd89/IMG_0343.JPG,e91b24f9-f4ef-4e84-8d13-79a2b183cd89,IMG_0343.JPG,ECHO Asia Staff
Hawaiian,eopds/e91b24f9-f4ef-4e84-8d13-79a2b183cd89/IMG_0344.JPG,e91b24f9-f4ef-4e84-8d13-79a2b183cd89,IMG_0344.JPG,ECHO Asia Staff
Hawaiian,eopds/e91b24f9-f4ef-4e84-8d13-79a2b183cd89/IMG_1742_2.jpg,e91b24f9-f4ef-4e84-8d13-79a2b183cd89,IMG_1742_2.jpg,ECHO Asia Staff
Hawaiian,eopds/e91b24f9-f4ef-4e84-8d13-79a2b183cd89/IMG_1745_2.jpg,e91b24f9-f4ef-4e84-8d13-79a2b183cd89,IMG_1745_2.jpg,ECHO Asia Staff
Hawaiian,eopds/e91b24f9-f4ef-4e84-8d13-79a2b183cd89/IMG_1750.jpg,e91b24f9-f4ef-4e84-8d13-79a2b183cd89,IMG_1750.jpg,ECHO Asia Staff
Hawaiian,eopds/e91b24f9-f4ef-4e84-8d13-79a2b183cd89/IMG_1757.jpg,e91b24f9-f4ef-4e84-8d13-79a2b183cd89,IMG_1757.jpg,ECHO Asia Staff
Hawaiian,eopds/e91b24f9-f4ef-4e84-8d13-79a2b183cd89/IMG_1829.jpg,e91b24f9-f4ef-4e84-8d13-79a2b183cd89,IMG_1829.jpg,ECHO Asia Staff
Hawaiian,eopds/e91b24f9-f4ef-4e84-8d13-79a2b183cd89/IMG_1833.jpg,e91b24f9-f4ef-4e84-8d13-79a2b183cd89,IMG_1833.jpg,ECHO Asia Staff
Hawaiian,eopds/e91b24f9-f4ef-4e84-8d13-79a2b183cd89/IMG_1835.jpg,e91b24f9-f4ef-4e84-8d13-79a2b183cd89,IMG_1835.jpg,ECHO Asia Staff
Hawaiian,eopds/e91b24f9-f4ef-4e84-8d13-79a2b183cd89/IMG_1836.jpg,e91b24f9-f4ef-4e84-8d13-79a2b183cd89,IMG_1836.jpg,ECHO Asia Staff
Indian Firecracker,eopds/f6c87e34-0ca3-4703-acbe-458da8977804/20130822_142435_29562.jpg,f6c87e34-0ca3-4703-acbe-458da8977804,20130822_142435_29562.jpg,"ECHO, Inc"
Malinee Project,eopds/35cf4b7c-2e3e-43a7-a058-de54b9be849b/P1020718.JPG,35cf4b7c-2e3e-43a7-a058-de54b9be849b,P1020718.JPG,ECHO Asia Staff
Malinee Project,eopds/35cf4b7c-2e3e-43a7-a058-de54b9be849b/P1020719.JPG,35cf4b7c-2e3e-43a7-a058-de54b9be849b,P1020719.JPG,ECHO Asia Staff
Malinee Project,eopds/35cf4b7c-2e3e-43a7-a058-de54b9be849b/P1020725.JPG,35cf4b7c-2e3e-43a7-a058-de54b9be849b,P1020725.JPG,ECHO Asia Staff
P'Da,eopds/de77d87b-ca6f-4b53-88e0-e566d239c5d6/IMG_2130.JPG,de77d87b-ca6f-4b53-88e0-e566d239c5d6,IMG_2130.JPG,ECHO Asia Staff
P'Da,eopds/de77d87b-ca6f-4b53-88e0-e566d239c5d6/IMG_2131.JPG,de77d87b-ca6f-4b53-88e0-e566d239c5d6,IMG_2131.JPG,ECHO Asia Staff
P'Da,eopds/de77d87b-ca6f-4b53-88e0-e566d239c5d6/IMG_2132.JPG,de77d87b-ca6f-4b53-88e0-e566d239c5d6,IMG_2132.JPG,ECHO Asia Staff
P'Da,eopds/de77d87b-ca6f-4b53-88e0-e566d239c5d6/IMG_2133.JPG,de77d87b-ca6f-4b53-88e0-e566d239c5d6,IMG_2133.JPG,ECHO Asia Staff
P'Da,eopds/de77d87b-ca6f-4b53-88e0-e566d239c5d6/IMG_2134.JPG,de77d87b-ca6f-4b53-88e0-e566d239c5d6,IMG_2134.JPG,ECHO Asia Staff
P'Da,eopds/de77d87b-ca6f-4b53-88e0-e566d239c5d6/IMG_2135.JPG,de77d87b-ca6f-4b53-88e0-e566d239c5d6,IMG_2135.JPG,ECHO Asia Staff
P'Da,eopds/de77d87b-ca6f-4b53-88e0-e566d239c5d6/IMG_2136.JPG,de77d87b-ca6f-4b53-88e0-e566d239c5d6,IMG_2136.JPG,ECHO Asia Staff
P'Da,eopds/de77d87b-ca6f-4b53-88e0-e566d239c5d6/IMG_2137.JPG,de77d87b-ca6f-4b53-88e0-e566d239c5d6,IMG_2137.JPG,ECHO Asia Staff
P'Da,eopds/de77d87b-ca6f-4b53-88e0-e566d239c5d6/IMG_2138.JPG,de77d87b-ca6f-4b53-88e0-e566d239c5d6,IMG_2138.JPG,ECHO Asia Staff
P'Da,eopds/de77d87b-ca6f-4b53-88e0-e566d239c5d6/IMG_2139.JPG,de77d87b-ca6f-4b53-88e0-e566d239c5d6,IMG_2139.JPG,ECHO Asia Staff
P'Da,eopds/de77d87b-ca6f-4b53-88e0-e566d239c5d6/IMG_2140.JPG,de77d87b-ca6f-4b53-88e0-e566d239c5d6,IMG_2140.JPG,ECHO Asia Staff
P'Da,eopds/de77d87b-ca6f-4b53-88e0-e566d239c5d6/IMG_2141.JPG,de77d87b-ca6f-4b53-88e0-e566d239c5d6,IMG_2141.JPG,ECHO Asia Staff
P'Da,eopds/de77d87b-ca6f-4b53-88e0-e566d239c5d6/IMG_2142.JPG,de77d87b-ca6f-4b53-88e0-e566d239c5d6,IMG_2142.JPG,ECHO Asia Staff
P'Da,eopds/de77d87b-ca6f-4b53-88e0-e566d239c5d6/IMG_2143.JPG,de77d87b-ca6f-4b53-88e0-e566d239c5d6,IMG_2143.JPG,ECHO Asia Staff
P'Da,eopds/de77d87b-ca6f-4b53-88e0-e566d239c5d6/IMG_2144.JPG,de77d87b-ca6f-4b53-88e0-e566d239c5d6,IMG_2144.JPG,ECHO Asia Staff
P'Da,eopds/de77d87b-ca6f-4b53-88e0-e566d239c5d6/IMG_2145.JPG,de77d87b-ca6f-4b53-88e0-e566d239c5d6,IMG_2145.JPG,ECHO Asia Staff
P'Da,eopds/de77d87b-ca6f-4b53-88e0-e566d239c5d6/IMG_7926.JPG,de77d87b-ca6f-4b53-88e0-e566d239c5d6,IMG_7926.JPG,ECHO Asia Staff
P'Da,eopds/de77d87b-ca6f-4b53-88e0-e566d239c5d6/IMG_7927.JPG,de77d87b-ca6f-4b53-88e0-e566d239c5d6,IMG_7927.JPG,ECHO Asia Staff
P'Da,eopds/de77d87b-ca6f-4b53-88e0-e566d239c5d6/IMG_7928.JPG,de77d87b-ca6f-4b53-88e0-e566d239c5d6,IMG_7928.JPG,ECHO Asia Staff
P'Da,eopds/de77d87b-ca6f-4b53-88e0-e566d239c5d6/IMG_7929.JPG,de77d87b-ca6f-4b53-88e0-e566d239c5d6,IMG_7929.JPG,ECHO Asia Staff
P'Da,eopds/de77d87b-ca6f-4b53-88e0-e566d239c5d6/IMG_7931.JPG,de77d87b-ca6f-4b53-88e0-e566d239c5d6,IMG_7931.JPG,ECHO Asia Staff
P'Da,eopds/de77d87b-ca6f-4b53-88e0-e566d239c5d6/IMG_7932.JPG,de77d87b-ca6f-4b53-88e0-e566d239c5d6,IMG_7932.JPG,ECHO Asia Staff
P'Da,eopds/de77d87b-ca6f-4b53-88e0-e566d239c5d6/IMG_7934.JPG,de77d87b-ca6f-4b53-88e0-e566d239c5d6,IMG_7934.JPG,ECHO Asia Staff
P'Da,eopds/de77d87b-ca6f-4b53-88e0-e566d239c5d6/IMG_7935.JPG,de77d87b-ca6f-4b53-88e0-e566d239c5d6,IMG_7935.JPG,ECHO Asia Staff
P'Da,eopds/de77d87b-ca6f-4b53-88e0-e566d239c5d6/IMG_7936.JPG,de77d87b-ca6f-4b53-88e0-e566d239c5d6,IMG_7936.JPG,ECHO Asia Staff
P'Da,eopds/de77d87b-ca6f-4b53-88e0-e566d239c5d6/IMG_7937.JPG,de77d87b-ca6f-4b53-88e0-e566d239c5d6,IMG_7937.JPG,ECHO Asia Staff
P'Da,eopds/de77d87b-ca6f-4b53-88e0-e566d239c5d6/IMG_7938.JPG,de77d87b-ca6f-4b53-88e0-e566d239c5d6,IMG_7938.JPG,ECHO Asia Staff
P'Da,eopds/de77d87b-ca6f-4b53-88e0-e566d239c5d6/IMG_7939.JPG,de77d87b-ca6f-4b53-88e0-e566d239c5d6,IMG_7939.JPG,ECHO Asia Staff
P'Da,eopds/de77d87b-ca6f-4b53-88e0-e566d239c5d6/IMG_7940.JPG,de77d87b-ca6f-4b53-88e0-e566d239c5d6,IMG_7940.JPG,ECHO Asia Staff
P'Da,eopds/de77d87b-ca6f-4b53-88e0-e566d239c5d6/IMG_7941.JPG,de77d87b-ca6f-4b53-88e0-e566d239c5d6,IMG_7941.JPG,ECHO Asia Staff
P'Da,eopds/de77d87b-ca6f-4b53-88e0-e566d239c5d6/IMG_7942.JPG,de77d87b-ca6f-4b53-88e0-e566d239c5d6,IMG_7942.JPG,ECHO Asia Staff
P'Da,eopds/de77d87b-ca6f-4b53-88e0-e566d239c5d6/IMG_7943.JPG,de77d87b-ca6f-4b53-88e0-e566d239c5d6,IMG_7943.JPG,ECHO Asia Staff
P'Da,eopds/de77d87b-ca6f-4b53-88e0-e566d239c5d6/IMG_7944.JPG,de77d87b-ca6f-4b53-88e0-e566d239c5d6,IMG_7944.JPG,ECHO Asia Staff
P'Da,eopds/de77d87b-ca6f-4b53-88e0-e566d239c5d6/IMG_7945.JPG,de77d87b-ca6f-4b53-88e0-e566d239c5d6,IMG_7945.JPG,ECHO Asia Staff
P'Da,eopds/de77d87b-ca6f-4b53-88e0-e566d239c5d6/IMG_7946.JPG,de77d87b-ca6f-4b53-88e0-e566d239c5d6,IMG_7946.JPG,ECHO Asia Staff
P'Da,eopds/de77d87b-ca6f-4b53-88e0-e566d239c5d6/IMG_7947.JPG,de77d87b-ca6f-4b53-88e0-e566d239c5d6,IMG_7947.JPG,ECHO Asia Staff
P'Da,eopds/de77d87b-ca6f-4b53-88e0-e566d239c5d6/IMG_7948.JPG,de77d87b-ca6f-4b53-88e0-e566d239c5d6,IMG_7948.JPG,ECHO Asia Staff
P'Da,eopds/de77d87b-ca6f-4b53-88e0-e566d239c5d6/IMG_7949.JPG,de77d87b-ca6f-4b53-88e0-e566d239c5d6,IMG_7949.JPG,ECHO Asia Staff
P'Da,eopds/de77d87b-ca6f-4b53-88e0-e566d239c5d6/IMG_7950.JPG,de77d87b-ca6f-4b53-88e0-e566d239c5d6,IMG_7950.JPG,ECHO Asia Staff
P'Da,eopds/de77d87b-ca6f-4b53-88e0-e566d239c5d6/IMG_7951.JPG,de77d87b-ca6f-4b53-88e0-e566d239c5d6,IMG_7951.JPG,ECHO Asia Staff
P'Da,eopds/de77d87b-ca6f-4b53-88e0-e566d239c5d6/IMG_7952.JPG,de77d87b-ca6f-4b53-88e0-e566d239c5d6,IMG_7952.JPG,ECHO Asia Staff
P'Da,eopds/de77d87b-ca6f-4b53-88e0-e566d239c5d6/IMG_7953.JPG,de77d87b-ca6f-4b53-88e0-e566d239c5d6,IMG_7953.JPG,ECHO Asia Staff
P'Da,eopds/de77d87b-ca6f-4b53-88e0-e566d239c5d6/IMG_7954.JPG,de77d87b-ca6f-4b53-88e0-e566d239c5d6,IMG_7954.JPG,ECHO Asia Staff
P'Da,eopds/de77d87b-ca6f-4b53-88e0-e566d239c5d6/IMG_7957.JPG,de77d87b-ca6f-4b53-88e0-e566d239c5d6,IMG_7957.JPG,ECHO Asia Staff
P'Da,eopds/de77d87b-ca6f-4b53-88e0-e566d239c5d6/IMG_7958.JPG,de77d87b-ca6f-4b53-88e0-e566d239c5d6,IMG_7958.JPG,ECHO Asia Staff
P'Da,eopds/de77d87b-ca6f-4b53-88e0-e566d239c5d6/IMG_7959.JPG,de77d87b-ca6f-4b53-88e0-e566d239c5d6,IMG_7959.JPG,ECHO Asia Staff
P'Da,eopds/de77d87b-ca6f-4b53-88e0-e566d239c5d6/IMG_7960.JPG,de77d87b-ca6f-4b53-88e0-e566d239c5d6,IMG_7960.JPG,ECHO Asia Staff
P'Da,eopds/de77d87b-ca6f-4b53-88e0-e566d239c5d6/IMG_7961.JPG,de77d87b-ca6f-4b53-88e0-e566d239c5d6,IMG_7961.JPG,ECHO Asia Staff
P'Da,eopds/de77d87b-ca6f-4b53-88e0-e566d239c5d6/IMG_7962.JPG,de77d87b-ca6f-4b53-88e0-e566d239c5d6,IMG_7962.JPG,ECHO Asia Staff
P'Da,eopds/de77d87b-ca6f-4b53-88e0-e566d239c5d6/IMG_7963.JPG,de77d87b-ca6f-4b53-88e0-e566d239c5d6,IMG_7963.JPG,ECHO Asia Staff
P'Da,eopds/de77d87b-ca6f-4b53-88e0-e566d239c5d6/IMG_7964.JPG,de77d87b-ca6f-4b53-88e0-e566d239c5d6,IMG_7964.JPG,ECHO Asia Staff
P'Da,eopds/de77d87b-ca6f-4b53-88e0-e566d239c5d6/IMG_7966.JPG,de77d87b-ca6f-4b53-88e0-e566d239c5d6,IMG_7966.JPG,ECHO Asia Staff
P'Da,eopds/de77d87b-ca6f-4b53-88e0-e566d239c5d6/IMG_7967.JPG,de77d87b-ca6f-4b53-88e0-e566d239c5d6,IMG_7967.JPG,ECHO Asia Staff
P'Da,eopds/de77d87b-ca6f-4b53-88e0-e566d239c5d6/IMG_7968.JPG,de77d87b-ca6f-4b53-88e0-e566d239c5d6,IMG_7968.JPG,ECHO Asia Staff
P'Da,eopds/de77d87b-ca6f-4b53-88e0-e566d239c5d6/IMG_7969.JPG,de77d87b-ca6f-4b53-88e0-e566d239c5d6,IMG_7969.JPG,ECHO Asia Staff
P'Da,eopds/de77d87b-ca6f-4b53-88e0-e566d239c5d6/IMG_7970.JPG,de77d87b-ca6f-4b53-88e0-e566d239c5d6,IMG_7970.JPG,ECHO Asia Staff
P'Da,eopds/de77d87b-ca6f-4b53-88e0-e566d239c5d6/IMG_7971.JPG,de77d87b-ca6f-4b53-88e0-e566d239c5d6,IMG_7971.JPG,ECHO Asia Staff
P'Da,eopds/de77d87b-ca6f-4b53-88e0-e566d239c5d6/IMG_7972.JPG,de77d87b-ca6f-4b53-88e0-e566d239c5d6,IMG_7972.JPG,ECHO Asia Staff
P'Da,eopds/de77d87b-ca6f-4b53-88e0-e566d239c5d6/IMG_7973.JPG,de77d87b-ca6f-4b53-88e0-e566d239c5d6,IMG_7973.JPG,ECHO Asia Staff
P'Da,eopds/de77d87b-ca6f-4b53-88e0-e566d239c5d6/IMG_7974.JPG,de77d87b-ca6f-4b53-88e0-e566d239c5d6,IMG_7974.JPG,ECHO Asia Staff
P'Da,eopds/de77d87b-ca6f-4b53-88e0-e566d239c5d6/IMG_7975.JPG,de77d87b-ca6f-4b53-88e0-e566d239c5d6,IMG_7975.JPG,ECHO Asia Staff
P'Da,eopds/de77d87b-ca6f-4b53-88e0-e566d239c5d6/IMG_7976.JPG,de77d87b-ca6f-4b53-88e0-e566d239c5d6,IMG_7976.JPG,ECHO Asia Staff
P'Da,eopds/de77d87b-ca6f-4b53-88e0-e566d239c5d6/IMG_7977.JPG,de77d87b-ca6f-4b53-88e0-e566d239c5d6,IMG_7977.JPG,ECHO Asia Staff
P'Da,eopds/de77d87b-ca6f-4b53-88e0-e566d239c5d6/IMG_7978.JPG,de77d87b-ca6f-4b53-88e0-e566d239c5d6,IMG_7978.JPG,ECHO Asia Staff
P'Da,eopds/de77d87b-ca6f-4b53-88e0-e566d239c5d6/IMG_7979.JPG,de77d87b-ca6f-4b53-88e0-e566d239c5d6,IMG_7979.JPG,ECHO Asia Staff
P'Da,eopds/de77d87b-ca6f-4b53-88e0-e566d239c5d6/IMG_7980.JPG,de77d87b-ca6f-4b53-88e0-e566d239c5d6,IMG_7980.JPG,ECHO Asia Staff
P'Da,eopds/de77d87b-ca6f-4b53-88e0-e566d239c5d6/IMG_7981.JPG,de77d87b-ca6f-4b53-88e0-e566d239c5d6,IMG_7981.JPG,ECHO Asia Staff
P'Da,eopds/de77d87b-ca6f-4b53-88e0-e566d239c5d6/IMG_7982.JPG,de77d87b-ca6f-4b53-88e0-e566d239c5d6,IMG_7982.JPG,ECHO Asia Staff
P'Da,eopds/de77d87b-ca6f-4b53-88e0-e566d239c5d6/IMG_7983.JPG,de77d87b-ca6f-4b53-88e0-e566d239c5d6,IMG_7983.JPG,ECHO Asia Staff
P'Da,eopds/de77d87b-ca6f-4b53-88e0-e566d239c5d6/IMG_7984.JPG,de77d87b-ca6f-4b53-88e0-e566d239c5d6,IMG_7984.JPG,ECHO Asia Staff
P'Da,eopds/de77d87b-ca6f-4b53-88e0-e566d239c5d6/IMG_7985.JPG,de77d87b-ca6f-4b53-88e0-e566d239c5d6,IMG_7985.JPG,ECHO Asia Staff
P'Da,eopds/de77d87b-ca6f-4b53-88e0-e566d239c5d6/IMG_8404.JPG,de77d87b-ca6f-4b53-88e0-e566d239c5d6,IMG_8404.JPG,ECHO Asia Staff
P'Da,eopds/de77d87b-ca6f-4b53-88e0-e566d239c5d6/IMG_8406.JPG,de77d87b-ca6f-4b53-88e0-e566d239c5d6,IMG_8406.JPG,ECHO Asia Staff
P'Da,eopds/de77d87b-ca6f-4b53-88e0-e566d239c5d6/IMG_8407.JPG,de77d87b-ca6f-4b53-88e0-e566d239c5d6,IMG_8407.JPG,ECHO Asia Staff
P'Da,eopds/de77d87b-ca6f-4b53-88e0-e566d239c5d6/IMG_8408.JPG,de77d87b-ca6f-4b53-88e0-e566d239c5d6,IMG_8408.JPG,ECHO Asia Staff
P'Da,eopds/de77d87b-ca6f-4b53-88e0-e566d239c5d6/IMG_8409.JPG,de77d87b-ca6f-4b53-88e0-e566d239c5d6,IMG_8409.JPG,ECHO Asia Staff
P'Da,eopds/de77d87b-ca6f-4b53-88e0-e566d239c5d6/IMG_8410.JPG,de77d87b-ca6f-4b53-88e0-e566d239c5d6,IMG_8410.JPG,ECHO Asia Staff
P'Da,eopds/de77d87b-ca6f-4b53-88e0-e566d239c5d6/IMG_8411.JPG,de77d87b-ca6f-4b53-88e0-e566d239c5d6,IMG_8411.JPG,ECHO Asia Staff
P'Da,eopds/de77d87b-ca6f-4b53-88e0-e566d239c5d6/IMG_8412.JPG,de77d87b-ca6f-4b53-88e0-e566d239c5d6,IMG_8412.JPG,ECHO Asia Staff
P'Da,eopds/de77d87b-ca6f-4b53-88e0-e566d239c5d6/P1020667.JPG,de77d87b-ca6f-4b53-88e0-e566d239c5d6,P1020667.JPG,ECHO Asia Staff
P'Da,eopds/de77d87b-ca6f-4b53-88e0-e566d239c5d6/P1020668.JPG,de77d87b-ca6f-4b53-88e0-e566d239c5d6,P1020668.JPG,ECHO Asia Staff
P'Da,eopds/de77d87b-ca6f-4b53-88e0-e566d239c5d6/P1020669.JPG,de77d87b-ca6f-4b53-88e0-e566d239c5d6,P1020669.JPG,ECHO Asia Staff
Purple Chili,eopds/dd150012-5a44-4cfc-ba58-4b3215ec08ee/IMG_5488.JPG,dd150012-5a44-4cfc-ba58-4b3215ec08ee,IMG_5488.JPG,ECHO Asia Staff
Purple Chili,eopds/dd150012-5a44-4cfc-ba58-4b3215ec08ee/IMG_5489.JPG,dd150012-5a44-4cfc-ba58-4b3215ec08ee,IMG_5489.JPG,ECHO Asia Staff
Purple Chili,eopds/dd150012-5a44-4cfc-ba58-4b3215ec08ee/IMG_8384.JPG,dd150012-5a44-4cfc-ba58-4b3215ec08ee,IMG_8384.JPG,ECHO Asia Staff
Purple Chili,eopds/dd150012-5a44-4cfc-ba58-4b3215ec08ee/IMG_8385.JPG,dd150012-5a44-4cfc-ba58-4b3215ec08ee,IMG_8385.JPG,ECHO Asia Staff
Purple Chili,eopds/dd150012-5a44-4cfc-ba58-4b3215ec08ee/IMG_8386.JPG,dd150012-5a44-4cfc-ba58-4b3215ec08ee,IMG_8386.JPG,ECHO Asia Staff
Purple Chili,eopds/dd150012-5a44-4cfc-ba58-4b3215ec08ee/IMG_8387.JPG,dd150012-5a44-4cfc-ba58-4b3215ec08ee,IMG_8387.JPG,ECHO Asia Staff
Purple Chili,eopds/dd150012-5a44-4cfc-ba58-4b3215ec08ee/IMG_8388.JPG,dd150012-5a44-4cfc-ba58-4b3215ec08ee,IMG_8388.JPG,ECHO Asia Staff
Purple Chili,eopds/dd150012-5a44-4cfc-ba58-4b3215ec08ee/IMG_8389.JPG,dd150012-5a44-4cfc-ba58-4b3215ec08ee,IMG_8389.JPG,ECHO Asia Staff
Purple Chili,eopds/dd150012-5a44-4cfc-ba58-4b3215ec08ee/IMG_8579.JPG,dd150012-5a44-4cfc-ba58-4b3215ec08ee,IMG_8579.JPG,ECHO Asia Staff
Purple Chili,eopds/dd150012-5a44-4cfc-ba58-4b3215ec08ee/IMG_8588.JPG,dd150012-5a44-4cfc-ba58-4b3215ec08ee,IMG_8588.JPG,ECHO Asia Staff
Purple Chili,eopds/dd150012-5a44-4cfc-ba58-4b3215ec08ee/IMG_8589.JPG,dd150012-5a44-4cfc-ba58-4b3215ec08ee,IMG_8589.JPG,ECHO Asia Staff
Purple Chili,eopds/dd150012-5a44-4cfc-ba58-4b3215ec08ee/IMG_8590.JPG,dd150012-5a44-4cfc-ba58-4b3215ec08ee,IMG_8590.JPG,ECHO Asia Staff
Purple Chili,eopds/dd150012-5a44-4cfc-ba58-4b3215ec08ee/IMG_8591.JPG,dd150012-5a44-4cfc-ba58-4b3215ec08ee,IMG_8591.JPG,ECHO Asia Staff
Purple Chili,eopds/dd150012-5a44-4cfc-ba58-4b3215ec08ee/P1000752.JPG,dd150012-5a44-4cfc-ba58-4b3215ec08ee,P1000752.JPG,ECHO Asia Staff
Purple Chili,eopds/dd150012-5a44-4cfc-ba58-4b3215ec08ee/P1000753.JPG,dd150012-5a44-4cfc-ba58-4b3215ec08ee,P1000753.JPG,ECHO Asia Staff
Purple Chili,eopds/dd150012-5a44-4cfc-ba58-4b3215ec08ee/P1000754.JPG,dd150012-5a44-4cfc-ba58-4b3215ec08ee,P1000754.JPG,ECHO Asia Staff
Purple Chili,eopds/dd150012-5a44-4cfc-ba58-4b3215ec08ee/P1020726.JPG,dd150012-5a44-4cfc-ba58-4b3215ec08ee,P1020726.JPG,ECHO Asia Staff
Purple Chili,eopds/dd150012-5a44-4cfc-ba58-4b3215ec08ee/P1020727.JPG,dd150012-5a44-4cfc-ba58-4b3215ec08ee,P1020727.JPG,ECHO Asia Staff
Purple Chili,eopds/dd150012-5a44-4cfc-ba58-4b3215ec08ee/P1020728.JPG,dd150012-5a44-4cfc-ba58-4b3215ec08ee,P1020728.JPG,ECHO Asia Staff
Serrano Chili,eopds/462aa11e-5a8f-45d5-8e93-68f8ddd85fa0/20130822_113728_30293.jpg,462aa11e-5a8f-45d5-8e93-68f8ddd85fa0,20130822_113728_30293.jpg,"ECHO, Inc"
Tiny Hot,eopds/878b9ab2-d850-4008-8a06-0510f29e3754/IMG_25610705_152515.jpg,878b9ab2-d850-4008-8a06-0510f29e3754,IMG_25610705_152515.jpg,ECHO Asia Staff
Tiny Hot,eopds/878b9ab2-d850-4008-8a06-0510f29e3754/IMG_25610705_152524.jpg,878b9ab2-d850-4008-8a06-0510f29e3754,IMG_25610705_152524.jpg,ECHO Asia Staff
Tiny Hot,eopds/878b9ab2-d850-4008-8a06-0510f29e3754/IMG_25610705_152912.jpg,878b9ab2-d850-4008-8a06-0510f29e3754,IMG_25610705_152912.jpg,ECHO Asia Staff
Tiny Hot,eopds/878b9ab2-d850-4008-8a06-0510f29e3754/P1000820.JPG,878b9ab2-d850-4008-8a06-0510f29e3754,P1000820.JPG,ECHO Asia Staff
Tiny Hot,eopds/878b9ab2-d850-4008-8a06-0510f29e3754/P1000822.JPG,878b9ab2-d850-4008-8a06-0510f29e3754,P1000822.JPG,ECHO Asia Staff
Tiny Hot,eopds/878b9ab2-d850-4008-8a06-0510f29e3754/P1000823.JPG,878b9ab2-d850-4008-8a06-0510f29e3754,P1000823.JPG,ECHO Asia Staff
Tiny Hot,eopds/878b9ab2-d850-4008-8a06-0510f29e3754/P1000826.JPG,878b9ab2-d850-4008-8a06-0510f29e3754,P1000826.JPG,ECHO Asia Staff
Tiny Hot,eopds/878b9ab2-d850-4008-8a06-0510f29e3754/Use fish manure.JPG,878b9ab2-d850-4008-8a06-0510f29e3754,Use fish manure.JPG,ECHO Asia Staff
Red Lady #786 F1,eopds/94793f8c-69ff-455b-9567-8c7f4a85e8bb/20130711_123317_27850.jpg,94793f8c-69ff-455b-9567-8c7f4a85e8bb,20130711_123317_27850.jpg,"ECHO, Inc"
Sunrise Solo,eopds/cbef114c-d4c1-4b08-ac7d-2894c46eff38/20171019_154537_21506.jpg,cbef114c-d4c1-4b08-ac7d-2894c46eff38,20171019_154537_21506.jpg,"ECHO, Inc"
Sunrise Solo,eopds/cbef114c-d4c1-4b08-ac7d-2894c46eff38/IMG_1471.JPG,cbef114c-d4c1-4b08-ac7d-2894c46eff38,IMG_1471.JPG,ECHO Asia Staff
Sunrise Solo,eopds/cbef114c-d4c1-4b08-ac7d-2894c46eff38/IMG_4991.JPG,cbef114c-d4c1-4b08-ac7d-2894c46eff38,IMG_4991.JPG,ECHO Asia Staff
Sunrise Solo,eopds/cbef114c-d4c1-4b08-ac7d-2894c46eff38/IMG_4992.JPG,cbef114c-d4c1-4b08-ac7d-2894c46eff38,IMG_4992.JPG,ECHO Asia Staff
Sunrise Solo,eopds/cbef114c-d4c1-4b08-ac7d-2894c46eff38/IMG_4993.JPG,cbef114c-d4c1-4b08-ac7d-2894c46eff38,IMG_4993.JPG,ECHO Asia Staff
Sunrise Solo,eopds/cbef114c-d4c1-4b08-ac7d-2894c46eff38/IMG_4994.JPG,cbef114c-d4c1-4b08-ac7d-2894c46eff38,IMG_4994.JPG,ECHO Asia Staff
Sunrise Solo,eopds/cbef114c-d4c1-4b08-ac7d-2894c46eff38/IMG_4996.JPG,cbef114c-d4c1-4b08-ac7d-2894c46eff38,IMG_4996.JPG,ECHO Asia Staff
Sunrise Solo,eopds/cbef114c-d4c1-4b08-ac7d-2894c46eff38/IMG_4997.JPG,cbef114c-d4c1-4b08-ac7d-2894c46eff38,IMG_4997.JPG,ECHO Asia Staff
Sunrise Solo,eopds/cbef114c-d4c1-4b08-ac7d-2894c46eff38/IMG_4998.JPG,cbef114c-d4c1-4b08-ac7d-2894c46eff38,IMG_4998.JPG,ECHO Asia Staff
Sunrise Solo,eopds/cbef114c-d4c1-4b08-ac7d-2894c46eff38/IMG_4999.JPG,cbef114c-d4c1-4b08-ac7d-2894c46eff38,IMG_4999.JPG,ECHO Asia Staff
Sunrise Solo,eopds/cbef114c-d4c1-4b08-ac7d-2894c46eff38/IMG_5000.JPG,cbef114c-d4c1-4b08-ac7d-2894c46eff38,IMG_5000.JPG,ECHO Asia Staff
Sunrise Solo,eopds/cbef114c-d4c1-4b08-ac7d-2894c46eff38/IMG_5001.JPG,cbef114c-d4c1-4b08-ac7d-2894c46eff38,IMG_5001.JPG,ECHO Asia Staff
Sunrise Solo,eopds/cbef114c-d4c1-4b08-ac7d-2894c46eff38/20130822_114904_19281.jpg,cbef114c-d4c1-4b08-ac7d-2894c46eff38,20130822_114904_19281.jpg,"ECHO, Inc"
UHDP,eopds/43dfdeb8-c96c-4778-b413-fae4bbbce4ed/IMG_3387.JPG,43dfdeb8-c96c-4778-b413-fae4bbbce4ed,IMG_3387.JPG,ECHO Asia Staff
UHDP,eopds/43dfdeb8-c96c-4778-b413-fae4bbbce4ed/IMG_3392.JPG,43dfdeb8-c96c-4778-b413-fae4bbbce4ed,IMG_3392.JPG,ECHO Asia Staff
UHDP,eopds/43dfdeb8-c96c-4778-b413-fae4bbbce4ed/IMG_4357.JPG,43dfdeb8-c96c-4778-b413-fae4bbbce4ed,IMG_4357.JPG,ECHO Asia Staff
UHDP,eopds/43dfdeb8-c96c-4778-b413-fae4bbbce4ed/IMG_4360.JPG,43dfdeb8-c96c-4778-b413-fae4bbbce4ed,IMG_4360.JPG,ECHO Asia Staff
UHDP,eopds/43dfdeb8-c96c-4778-b413-fae4bbbce4ed/IMG_4361.JPG,43dfdeb8-c96c-4778-b413-fae4bbbce4ed,IMG_4361.JPG,ECHO Asia Staff
UHDP,eopds/43dfdeb8-c96c-4778-b413-fae4bbbce4ed/IMG_5059.JPG,43dfdeb8-c96c-4778-b413-fae4bbbce4ed,IMG_5059.JPG,ECHO Asia Staff
UHDP,eopds/43dfdeb8-c96c-4778-b413-fae4bbbce4ed/IMG_5060.JPG,43dfdeb8-c96c-4778-b413-fae4bbbce4ed,IMG_5060.JPG,ECHO Asia Staff
UHDP,eopds/43dfdeb8-c96c-4778-b413-fae4bbbce4ed/IMG_5061.JPG,43dfdeb8-c96c-4778-b413-fae4bbbce4ed,IMG_5061.JPG,ECHO Asia Staff
UHDP,eopds/43dfdeb8-c96c-4778-b413-fae4bbbce4ed/IMG_5062.JPG,43dfdeb8-c96c-4778-b413-fae4bbbce4ed,IMG_5062.JPG,ECHO Asia Staff
UHDP,eopds/43dfdeb8-c96c-4778-b413-fae4bbbce4ed/IMG_5063.JPG,43dfdeb8-c96c-4778-b413-fae4bbbce4ed,IMG_5063.JPG,ECHO Asia Staff
UHDP,eopds/43dfdeb8-c96c-4778-b413-fae4bbbce4ed/IMG_5064.JPG,43dfdeb8-c96c-4778-b413-fae4bbbce4ed,IMG_5064.JPG,ECHO Asia Staff
UHDP,eopds/43dfdeb8-c96c-4778-b413-fae4bbbce4ed/IMG_5065.JPG,43dfdeb8-c96c-4778-b413-fae4bbbce4ed,IMG_5065.JPG,ECHO Asia Staff
UHDP,eopds/43dfdeb8-c96c-4778-b413-fae4bbbce4ed/IMG_5066.JPG,43dfdeb8-c96c-4778-b413-fae4bbbce4ed,IMG_5066.JPG,ECHO Asia Staff
UHDP,eopds/43dfdeb8-c96c-4778-b413-fae4bbbce4ed/IMG_6209.JPG,43dfdeb8-c96c-4778-b413-fae4bbbce4ed,IMG_6209.JPG,ECHO Asia Staff
UHDP,eopds/43dfdeb8-c96c-4778-b413-fae4bbbce4ed/IMG_6214.JPG,43dfdeb8-c96c-4778-b413-fae4bbbce4ed,IMG_6214.JPG,ECHO Asia Staff
India,eopds/002663d0-42a1-4d3c-b273-2bf7655ec9b0/IMG_4495.JPG,002663d0-42a1-4d3c-b273-2bf7655ec9b0,IMG_4495.JPG,ECHO Asia Staff
India,eopds/002663d0-42a1-4d3c-b273-2bf7655ec9b0/IMG_4497.JPG,002663d0-42a1-4d3c-b273-2bf7655ec9b0,IMG_4497.JPG,ECHO Asia Staff
India,eopds/002663d0-42a1-4d3c-b273-2bf7655ec9b0/P1020670.JPG,002663d0-42a1-4d3c-b273-2bf7655ec9b0,P1020670.JPG,ECHO Asia Staff
India,eopds/002663d0-42a1-4d3c-b273-2bf7655ec9b0/P1020671.JPG,002663d0-42a1-4d3c-b273-2bf7655ec9b0,P1020671.JPG,ECHO Asia Staff
India,eopds/002663d0-42a1-4d3c-b273-2bf7655ec9b0/P1020678.JPG,002663d0-42a1-4d3c-b273-2bf7655ec9b0,P1020678.JPG,ECHO Asia Staff
Burma,eopds/f04549e7-be05-4abe-9c00-4ee0a214da10/P1020747.JPG,f04549e7-be05-4abe-9c00-4ee0a214da10,P1020747.JPG,ECHO Asia Staff
Burma,eopds/f04549e7-be05-4abe-9c00-4ee0a214da10/P1020748.JPG,f04549e7-be05-4abe-9c00-4ee0a214da10,P1020748.JPG,ECHO Asia Staff
Burma,eopds/f04549e7-be05-4abe-9c00-4ee0a214da10/P1020749.JPG,f04549e7-be05-4abe-9c00-4ee0a214da10,P1020749.JPG,ECHO Asia Staff
Burma,eopds/f04549e7-be05-4abe-9c00-4ee0a214da10/P1020750.JPG,f04549e7-be05-4abe-9c00-4ee0a214da10,P1020750.JPG,ECHO Asia Staff
Burma,eopds/f04549e7-be05-4abe-9c00-4ee0a214da10/P1020751.JPG,f04549e7-be05-4abe-9c00-4ee0a214da10,P1020751.JPG,ECHO Asia Staff
Burma,eopds/f04549e7-be05-4abe-9c00-4ee0a214da10/P1020752.JPG,f04549e7-be05-4abe-9c00-4ee0a214da10,P1020752.JPG,ECHO Asia Staff
Burmese,eopds/98b977c7-cba0-48ee-b151-a3520b928b2d/2014-04-15 16.31.20.jpg,98b977c7-cba0-48ee-b151-a3520b928b2d,2014-04-15 16.31.20.jpg,ECHO Asia Staff
Burmese,eopds/98b977c7-cba0-48ee-b151-a3520b928b2d/2014-04-15 16.31.30.jpg,98b977c7-cba0-48ee-b151-a3520b928b2d,2014-04-15 16.31.30.jpg,ECHO Asia Staff
Burmese,eopds/98b977c7-cba0-48ee-b151-a3520b928b2d/IMG_7201.JPG,98b977c7-cba0-48ee-b151-a3520b928b2d,IMG_7201.JPG,ECHO Asia Staff
Burmese,eopds/98b977c7-cba0-48ee-b151-a3520b928b2d/IMG_7202.JPG,98b977c7-cba0-48ee-b151-a3520b928b2d,IMG_7202.JPG,ECHO Asia Staff
Burmese,eopds/98b977c7-cba0-48ee-b151-a3520b928b2d/IMG_7203.JPG,98b977c7-cba0-48ee-b151-a3520b928b2d,IMG_7203.JPG,ECHO Asia Staff
Meatha,eopds/3f1fc72c-82a6-45de-9f5e-ee53076d4842/P1000811.JPG,3f1fc72c-82a6-45de-9f5e-ee53076d4842,P1000811.JPG,ECHO Asia Staff
Meatha,eopds/3f1fc72c-82a6-45de-9f5e-ee53076d4842/P1000812.JPG,3f1fc72c-82a6-45de-9f5e-ee53076d4842,P1000812.JPG,ECHO Asia Staff
Meatha,eopds/3f1fc72c-82a6-45de-9f5e-ee53076d4842/P1000813.JPG,3f1fc72c-82a6-45de-9f5e-ee53076d4842,P1000813.JPG,ECHO Asia Staff
Meatha,eopds/3f1fc72c-82a6-45de-9f5e-ee53076d4842/P1000814.JPG,3f1fc72c-82a6-45de-9f5e-ee53076d4842,P1000814.JPG,ECHO Asia Staff
Meatha,eopds/3f1fc72c-82a6-45de-9f5e-ee53076d4842/P1000815.JPG,3f1fc72c-82a6-45de-9f5e-ee53076d4842,P1000815.JPG,ECHO Asia Staff
Meatha,eopds/3f1fc72c-82a6-45de-9f5e-ee53076d4842/P1000816.JPG,3f1fc72c-82a6-45de-9f5e-ee53076d4842,P1000816.JPG,ECHO Asia Staff
Meatha,eopds/3f1fc72c-82a6-45de-9f5e-ee53076d4842/P1000818.JPG,3f1fc72c-82a6-45de-9f5e-ee53076d4842,P1000818.JPG,ECHO Asia Staff
Meatha,eopds/3f1fc72c-82a6-45de-9f5e-ee53076d4842/P1000827.JPG,3f1fc72c-82a6-45de-9f5e-ee53076d4842,P1000827.JPG,ECHO Asia Staff
Meatha,eopds/3f1fc72c-82a6-45de-9f5e-ee53076d4842/P1000828.JPG,3f1fc72c-82a6-45de-9f5e-ee53076d4842,P1000828.JPG,ECHO Asia Staff
Meatha,eopds/3f1fc72c-82a6-45de-9f5e-ee53076d4842/P1000829.JPG,3f1fc72c-82a6-45de-9f5e-ee53076d4842,P1000829.JPG,ECHO Asia Staff
Meatha,eopds/3f1fc72c-82a6-45de-9f5e-ee53076d4842/P1000830.JPG,3f1fc72c-82a6-45de-9f5e-ee53076d4842,P1000830.JPG,ECHO Asia Staff
Meatha,eopds/3f1fc72c-82a6-45de-9f5e-ee53076d4842/P1000831.JPG,3f1fc72c-82a6-45de-9f5e-ee53076d4842,P1000831.JPG,ECHO Asia Staff
Meatha,eopds/3f1fc72c-82a6-45de-9f5e-ee53076d4842/P1000832.JPG,3f1fc72c-82a6-45de-9f5e-ee53076d4842,P1000832.JPG,ECHO Asia Staff
Lampang,eopds/ef9ecb34-bda8-4954-8b28-9ede6f2f685e/IMG_8649.JPG,ef9ecb34-bda8-4954-8b28-9ede6f2f685e,IMG_8649.JPG,ECHO Asia Staff
Lampang,eopds/ef9ecb34-bda8-4954-8b28-9ede6f2f685e/IMG_8650.JPG,ef9ecb34-bda8-4954-8b28-9ede6f2f685e,IMG_8650.JPG,ECHO Asia Staff
Mushmelon,eopds/f02f13c5-0576-406c-8bd5-cbc4ae4af6f6/IMG_7993.JPG,f02f13c5-0576-406c-8bd5-cbc4ae4af6f6,IMG_7993.JPG,ECHO Asia Staff
Mushmelon,eopds/f02f13c5-0576-406c-8bd5-cbc4ae4af6f6/IMG_7994.JPG,f02f13c5-0576-406c-8bd5-cbc4ae4af6f6,IMG_7994.JPG,ECHO Asia Staff
Mushmelon,eopds/f02f13c5-0576-406c-8bd5-cbc4ae4af6f6/IMG_7995.JPG,f02f13c5-0576-406c-8bd5-cbc4ae4af6f6,IMG_7995.JPG,ECHO Asia Staff
Mushmelon,eopds/f02f13c5-0576-406c-8bd5-cbc4ae4af6f6/IMG_7998.JPG,f02f13c5-0576-406c-8bd5-cbc4ae4af6f6,IMG_7998.JPG,ECHO Asia Staff
Mushmelon,eopds/f02f13c5-0576-406c-8bd5-cbc4ae4af6f6/IMG_7999.JPG,f02f13c5-0576-406c-8bd5-cbc4ae4af6f6,IMG_7999.JPG,ECHO Asia Staff
Mushmelon,eopds/f02f13c5-0576-406c-8bd5-cbc4ae4af6f6/IMG_8000.JPG,f02f13c5-0576-406c-8bd5-cbc4ae4af6f6,IMG_8000.JPG,ECHO Asia Staff
Mushmelon,eopds/f02f13c5-0576-406c-8bd5-cbc4ae4af6f6/IMG_8001.JPG,f02f13c5-0576-406c-8bd5-cbc4ae4af6f6,IMG_8001.JPG,ECHO Asia Staff
Mushmelon,eopds/f02f13c5-0576-406c-8bd5-cbc4ae4af6f6/IMG_8003.JPG,f02f13c5-0576-406c-8bd5-cbc4ae4af6f6,IMG_8003.JPG,ECHO Asia Staff
Mushmelon,eopds/f02f13c5-0576-406c-8bd5-cbc4ae4af6f6/IMG_8004.JPG,f02f13c5-0576-406c-8bd5-cbc4ae4af6f6,IMG_8004.JPG,ECHO Asia Staff
Mushmelon,eopds/f02f13c5-0576-406c-8bd5-cbc4ae4af6f6/IMG_8006.JPG,f02f13c5-0576-406c-8bd5-cbc4ae4af6f6,IMG_8006.JPG,ECHO Asia Staff
Sikkim,eopds/bcc27d69-0d30-4f13-9715-ae9fe5802357/IMG_8366.JPG,bcc27d69-0d30-4f13-9715-ae9fe5802357,IMG_8366.JPG,ECHO Asia Staff
Sikkim,eopds/bcc27d69-0d30-4f13-9715-ae9fe5802357/IMG_8367.JPG,bcc27d69-0d30-4f13-9715-ae9fe5802357,IMG_8367.JPG,ECHO Asia Staff
Sikkim,eopds/bcc27d69-0d30-4f13-9715-ae9fe5802357/IMG_8368.JPG,bcc27d69-0d30-4f13-9715-ae9fe5802357,IMG_8368.JPG,ECHO Asia Staff
Sikkim,eopds/bcc27d69-0d30-4f13-9715-ae9fe5802357/IMG_8369.JPG,bcc27d69-0d30-4f13-9715-ae9fe5802357,IMG_8369.JPG,ECHO Asia Staff
Sikkim,eopds/bcc27d69-0d30-4f13-9715-ae9fe5802357/IMG_8370.JPG,bcc27d69-0d30-4f13-9715-ae9fe5802357,IMG_8370.JPG,ECHO Asia Staff
Sikkim,eopds/bcc27d69-0d30-4f13-9715-ae9fe5802357/IMG_8371.JPG,bcc27d69-0d30-4f13-9715-ae9fe5802357,IMG_8371.JPG,ECHO Asia Staff
Sikkim,eopds/bcc27d69-0d30-4f13-9715-ae9fe5802357/IMG_8372.JPG,bcc27d69-0d30-4f13-9715-ae9fe5802357,IMG_8372.JPG,ECHO Asia Staff
Sikkim,eopds/bcc27d69-0d30-4f13-9715-ae9fe5802357/IMG_8373.JPG,bcc27d69-0d30-4f13-9715-ae9fe5802357,IMG_8373.JPG,ECHO Asia Staff
Sikkim,eopds/bcc27d69-0d30-4f13-9715-ae9fe5802357/IMG_8374.JPG,bcc27d69-0d30-4f13-9715-ae9fe5802357,IMG_8374.JPG,ECHO Asia Staff
Sikkim,eopds/bcc27d69-0d30-4f13-9715-ae9fe5802357/IMG_8375.JPG,bcc27d69-0d30-4f13-9715-ae9fe5802357,IMG_8375.JPG,ECHO Asia Staff
Pyin Oo Lwin,eopds/ab8e95d7-7f65-40d1-81bb-f164cfb47a5c/IMG_6974.JPG,ab8e95d7-7f65-40d1-81bb-f164cfb47a5c,IMG_6974.JPG,ECHO Asia Staff
Pyin Oo Lwin,eopds/ab8e95d7-7f65-40d1-81bb-f164cfb47a5c/IMG_6975.JPG,ab8e95d7-7f65-40d1-81bb-f164cfb47a5c,IMG_6975.JPG,ECHO Asia Staff
Pyin Oo Lwin,eopds/ab8e95d7-7f65-40d1-81bb-f164cfb47a5c/IMG_6976.JPG,ab8e95d7-7f65-40d1-81bb-f164cfb47a5c,IMG_6976.JPG,ECHO Asia Staff
Pyin Oo Lwin,eopds/ab8e95d7-7f65-40d1-81bb-f164cfb47a5c/IMG_6977.JPG,ab8e95d7-7f65-40d1-81bb-f164cfb47a5c,IMG_6977.JPG,ECHO Asia Staff
Scarlet Nantes,eopds/69c191f8-db2c-4fa2-8e6c-18066278a890/20170222_154759_25275.jpg,69c191f8-db2c-4fa2-8e6c-18066278a890,20170222_154759_25275.jpg,"ECHO, Inc"
Uberlandia,eopds/63afac5e-b359-4d0e-b117-2849c85392a8/20130822_164323_15590.jpg,63afac5e-b359-4d0e-b117-2849c85392a8,20130822_164323_15590.jpg,"ECHO, Inc"
Uberlandia,eopds/63afac5e-b359-4d0e-b117-2849c85392a8/20200212_102317_12248.jpg,63afac5e-b359-4d0e-b117-2849c85392a8,20200212_102317_12248.jpg,"ECHO, Inc"
Uberlandia - Asia,eopds/6ae5512e-dfad-4776-ae01-bc8b704bd898/20160921_010619_30810.jpg,6ae5512e-dfad-4776-ae01-bc8b704bd898,20160921_010619_30810.jpg,"ECHO, Inc"
Uberlandia Reed Franz Improved,eopds/189366c5-2580-47d7-a0b5-17a6cd954b85/20160517_155712_31763.jpg,189366c5-2580-47d7-a0b5-17a6cd954b85,20160517_155712_31763.jpg,"ECHO, Inc"
Uberlandia Reed Franz Improved,eopds/189366c5-2580-47d7-a0b5-17a6cd954b85/20160517_155759_10496.jpg,189366c5-2580-47d7-a0b5-17a6cd954b85,20160517_155759_10496.jpg,"ECHO, Inc"
Uberlandia Reed Franz Improved,eopds/189366c5-2580-47d7-a0b5-17a6cd954b85/20200212_102426_24870.jpg,189366c5-2580-47d7-a0b5-17a6cd954b85,20200212_102426_24870.jpg,"ECHO, Inc"
Brown/Red,eopds/19fa7b75-9bab-4050-a0c3-2efa5c0ca432/20170222_144212_14649.jpg,19fa7b75-9bab-4050-a0c3-2efa5c0ca432,20170222_144212_14649.jpg,"ECHO, Inc"
Brown/Red,eopds/19fa7b75-9bab-4050-a0c3-2efa5c0ca432/20170222_144852_12348.jpg,19fa7b75-9bab-4050-a0c3-2efa5c0ca432,20170222_144852_12348.jpg,"ECHO, Inc"
Brown/Red,eopds/19fa7b75-9bab-4050-a0c3-2efa5c0ca432/20170224_155033_28193.jpg,19fa7b75-9bab-4050-a0c3-2efa5c0ca432,20170224_155033_28193.jpg,"ECHO, Inc"
White,eopds/ba9691c5-251e-475d-a01a-fb5f2e583a8a/20130822_171618_13293.jpg,ba9691c5-251e-475d-a01a-fb5f2e583a8a,20130822_171618_13293.jpg,"ECHO, Inc"
White,eopds/ba9691c5-251e-475d-a01a-fb5f2e583a8a/20170222_144735_29825.jpg,ba9691c5-251e-475d-a01a-fb5f2e583a8a,20170222_144735_29825.jpg,"ECHO, Inc"
Local Thai,eopds/e5dcd7c7-a818-403b-83f9-8f000d5fe51d/20150317_050923_24853.jpg,e5dcd7c7-a818-403b-83f9-8f000d5fe51d,20150317_050923_24853.jpg,"ECHO, Inc"
GMCC,eopds/d78aa4c8-bc9e-4989-850f-fc173f68247e/20170708_091604_19581.jpg,d78aa4c8-bc9e-4989-850f-fc173f68247e,20170708_091604_19581.jpg,"ECHO, Inc"
UHDP,eopds/c5d2041d-15e5-4ad9-ac88-8764f9bd0b3f/20160905_225931_19242.jpg,c5d2041d-15e5-4ad9-ac88-8764f9bd0b3f,20160905_225931_19242.jpg,"ECHO, Inc"
Tong Ho,eopds/fb533185-3c59-45e5-9050-cf0f232d7400/20180319_135051_18129.jpg,fb533185-3c59-45e5-9050-cf0f232d7400,20180319_135051_18129.jpg,"ECHO, Inc"
Tong Ho,eopds/fb533185-3c59-45e5-9050-cf0f232d7400/20180319_135054_30192.jpg,fb533185-3c59-45e5-9050-cf0f232d7400,20180319_135054_30192.jpg,"ECHO, Inc"
Tong Ho,eopds/fb533185-3c59-45e5-9050-cf0f232d7400/20180319_135756_15854.jpg,fb533185-3c59-45e5-9050-cf0f232d7400,20180319_135756_15854.jpg,"ECHO, Inc"
Tong Ho,eopds/fb533185-3c59-45e5-9050-cf0f232d7400/20180319_135957_23940.jpg,fb533185-3c59-45e5-9050-cf0f232d7400,20180319_135957_23940.jpg,"ECHO, Inc"
Tong Ho,eopds/fb533185-3c59-45e5-9050-cf0f232d7400/20180319_140003_11260.jpg,fb533185-3c59-45e5-9050-cf0f232d7400,20180319_140003_11260.jpg,"ECHO, Inc"
Local Thai,eopds/e9b0ebb2-3402-4e08-893a-830910fe9b9b/20160905_230546_22161.jpg,e9b0ebb2-3402-4e08-893a-830910fe9b9b,20160905_230546_22161.jpg,"ECHO, Inc"
Lucky Lion,eopds/3f9e77f3-8258-4f7c-9bd8-f69f129b3287/20170222_155518_17634.jpg,3f9e77f3-8258-4f7c-9bd8-f69f129b3287,20170222_155518_17634.jpg,"ECHO, Inc"
Autumn Beauty,eopds/7ca32fae-230c-4ca5-958d-a8ec8de26fec/IMG_6267.JPG,7ca32fae-230c-4ca5-958d-a8ec8de26fec,IMG_6267.JPG,ECHO Asia Staff
Black Seed,eopds/9cdc4ba8-76fc-4fc6-84da-e016478e5ff3/20130820_053113_16041.jpg,9cdc4ba8-76fc-4fc6-84da-e016478e5ff3,20130820_053113_16041.jpg,"ECHO, Inc"
Rostov,eopds/334ecb05-f520-4c1c-9b9d-a1fef533bc63/20130826_164026_16458.jpg,334ecb05-f520-4c1c-9b9d-a1fef533bc63,20130826_164026_16458.jpg,"ECHO, Inc"
Rostov,eopds/334ecb05-f520-4c1c-9b9d-a1fef533bc63/20170222_155828_14497.jpg,334ecb05-f520-4c1c-9b9d-a1fef533bc63,20170222_155828_14497.jpg,"ECHO, Inc"
Skyscraper,eopds/1377a5ad-dfb5-4b47-8068-4c8aef84dcf1/20130826_164757_16491.jpg,1377a5ad-dfb5-4b47-8068-4c8aef84dcf1,20130826_164757_16491.jpg,"ECHO, Inc"
Sunspot,eopds/9385b285-0b18-4c4d-ad8b-ee0df02e3317/20130826_163617_17782.jpg,9385b285-0b18-4c4d-ad8b-ee0df02e3317,20130826_163617_17782.jpg,"ECHO, Inc"
Thai Red,eopds/2b51a2cd-74eb-4ffa-9a5c-de31c3e6971a/20120820_034600_31098.jpg,2b51a2cd-74eb-4ffa-9a5c-de31c3e6971a,20120820_034600_31098.jpg,"ECHO, Inc"
Bhutanese,eopds/e7a46fb4-59bd-43e3-a8c2-c509a65656df/IMG_3751.jpg,e7a46fb4-59bd-43e3-a8c2-c509a65656df,IMG_3751.jpg,ECHO Asia Staff
Bhutanese,eopds/e7a46fb4-59bd-43e3-a8c2-c509a65656df/IMG_3753.jpg,e7a46fb4-59bd-43e3-a8c2-c509a65656df,IMG_3753.jpg,ECHO Asia Staff
Bhutanese,eopds/e7a46fb4-59bd-43e3-a8c2-c509a65656df/IMG_3755.jpg,e7a46fb4-59bd-43e3-a8c2-c509a65656df,IMG_3755.jpg,ECHO Asia Staff
Bhutanese,eopds/e7a46fb4-59bd-43e3-a8c2-c509a65656df/IMG_3758.jpg,e7a46fb4-59bd-43e3-a8c2-c509a65656df,IMG_3758.jpg,ECHO Asia Staff
Bhutanese,eopds/e7a46fb4-59bd-43e3-a8c2-c509a65656df/IMG_3760.jpg,e7a46fb4-59bd-43e3-a8c2-c509a65656df,IMG_3760.jpg,ECHO Asia Staff
Burmese,eopds/bc9d8ddd-2ae6-4783-8347-13c3285b3149/IMG_0151.jpg,bc9d8ddd-2ae6-4783-8347-13c3285b3149,IMG_0151.jpg,ECHO Asia Staff
Burmese,eopds/bc9d8ddd-2ae6-4783-8347-13c3285b3149/IMG_0155.jpg,bc9d8ddd-2ae6-4783-8347-13c3285b3149,IMG_0155.jpg,ECHO Asia Staff
Burmese,eopds/bc9d8ddd-2ae6-4783-8347-13c3285b3149/IMG_0156.jpg,bc9d8ddd-2ae6-4783-8347-13c3285b3149,IMG_0156.jpg,ECHO Asia Staff
Green Senagalese,eopds/8d0a9054-8755-473e-997e-fdfb032af173/20190320_151621_28847.jpg,8d0a9054-8755-473e-997e-fdfb032af173,20190320_151621_28847.jpg,"ECHO, Inc"
